{"id":"CASE_MODEL-a088cde2-a1a1-4fde-94af-113f5f26cfd7","name":"OnBoardingCase","key":"onBoardingCase","description":"","tenantId":"default","editorJson":{"resourceId":"editor_CASE_MODEL-a088cde2-a1a1-4fde-94af-113f5f26cfd7","stencil":{"id":"CASEDiagram"},"pathProperties":{},"xmlProperties":["caseinstancename","caseinstancename_en_us","caseinstancename_en_us-run","caseinstancename_de_de","caseinstancename_de_de-run","caseinstancename_fr_fr","caseinstancename_fr_fr-run","caseinstancename_it_it","caseinstancename_it_it-run","caseinstancename_es_es","caseinstancename_es_es-run","caseinstancename-run","caseinstancename_i18n-key"],"childShapes":[{"resourceId":"onecaseplanmodel1","stencil":{"id":"CasePlanModel"},"pathProperties":{},"xmlProperties":["planitemlifecyclelisteners","autocomplete","autocomplete-run"],"childShapes":[{"resourceId":"expandedStage1","stencil":{"id":"ExpandedStage"},"pathProperties":{},"xmlProperties":["planitemlifecyclelisteners","autocomplete","autocomplete-run","statevisible","statevisible-run","visualizationorder"],"childShapes":[{"resourceId":"humanTask1","stencil":{"id":"Task"},"pathProperties":{},"xmlProperties":["planitemlifecyclelisteners","exposetoobjectitems","exposeasmessageitems","exposehumantaskasmessageitems","exposehumantasktoobjectitems"],"childShapes":[],"bounds":{"lowerRight":{"x":301,"y":145},"upperLeft":{"x":201,"y":65}},"specialproperties":{"startformreference":{"type":"treeview"},"form_entry":{"type":"treeview"},"securitypolicy":{"type":"treeview"}},"outputmappingproperties":{"planitemlifecyclelisteners":{"type":"complex","placeholders":[]},"exposetoobjectitems":{"type":"complex","placeholders":[]},"exposeasmessageitems":{"type":"complex","placeholders":[]},"exposehumantaskasmessageitems":{"type":"complex","placeholders":[]},"exposehumantasktoobjectitems":{"type":"complex","placeholders":[]},"tasklistener":{"type":"complex","placeholders":[]}},"properties":{"stencilid":"HumanTask","stencilsuperid":"Task","stencilsuperids":["Task"],"customstencil":false,"bordercolor":"#000000","notes":"","planitemlifecyclelisteners":"","required":false,"required-run":"","repetition":false,"repetition-run":"","repetitioncountervariablename":"repetitionCounter","maxinstancecount":"unlimited","collectionvariable":"","elementvariable":"","elementindexvariable":"","manualactivation":false,"manualactivation-run":"","startformreference":"","startformsamedeployment":true,"startformfieldvalidation":false,"formfieldvalidation-run":"","manualactivationpermissiongroups":"","manualactivationpermissiongroups-run":"","manualactivationname":"","manualactivationname_en_us":"","manualactivationname_en_us-run":"","manualactivationname_de_de":"","manualactivationname_de_de-run":"","manualactivationname_fr_fr":"","manualactivationname_fr_fr-run":"","manualactivationname_it_it":"","manualactivationname_it_it-run":"","manualactivationname_es_es":"","manualactivationname_es_es-run":"","manualactivationname-run":"","manualactivationname_i18n-key":"","manualactivationchannels":"","manualactivationchannels-run":"","completionneutral":false,"completionneutral-run":"","impactparentcompletion":"default","bgcolor":"#ffffff","isblocking":true,"isblocking-run":"","id":"humanTask1","name":"Swift Key","name_en_us":"Swift Key","name_de_de":"","name_fr_fr":"","name_it_it":"","name_es_es":"","name_i18n-key":"","description":"","fontsize":"12","fontweight":"normal","fontstyle":"normal","fontcolor":"#000000","async":false,"exclusive":true,"exposetoobjectitems":"","exposeasmessageitems":"","exposehumantaskasmessageitems":"","exposehumantasktoobjectitems":"","availablestaterendering":"readOnly","activestaterendering":"fullAccess","completedstaterendering":"hidden","terminatedstaterendering":"hidden","owner":"","owner-run":"","assignee":"","assignee-run":"${initiator}","candidateusers":"","candidateusers-run":"","candidategroups":"","candidategroups-run":"","participantusers":"","participantusers-run":"","participantgroups":"","participantgroups-run":"","watcherusers":"","watcherusers-run":"","watchergroups":"","watchergroups-run":"","isdiscretionary":false,"applicabilityrule":"","tasktype":"human","name_en_us-run":"Swift Key","name_de_de-run":"","name_fr_fr-run":"","name_it_it-run":"","name_es_es-run":"","name-run":"Swift Key","form_entry":{"id":"FORM_MODEL-2b804105-09b1-4f02-b3d6-2eb7c2de0395","key":"swiftKeyForm"},"samedeployment":true,"formfieldvalidation":false,"taskid":"","securitypolicy":"","priority":"","duedate":"","tasklistener":"","customfolderpath":"","categorydefinition":"","candidatestype":"all","exposetocaseview":"","elementlabel":"","elementlabel_en_us":"","elementlabel_de_de":"","elementlabel_fr_fr":"","elementlabel_it_it":"","elementlabel_es_es":"","elementlabel_i18n-key":"","elementicon":"","elementindex":""},"ssextensions":[],"outgoing":[],"dockers":[],"labels":[{"styles":{"fill":"#000000","size":"12","italic":false,"bold":false},"ref":"text_name"}]},{"resourceId":"humanTask2","stencil":{"id":"Task"},"pathProperties":{},"xmlProperties":["planitemlifecyclelisteners","exposetoobjectitems","exposeasmessageitems","exposehumantaskasmessageitems","exposehumantasktoobjectitems"],"childShapes":[],"bounds":{"lowerRight":{"x":436,"y":145},"upperLeft":{"x":336,"y":65}},"specialproperties":{"startformreference":{"type":"treeview"},"form_entry":{"type":"treeview"},"securitypolicy":{"type":"treeview"}},"outputmappingproperties":{"planitemlifecyclelisteners":{"type":"complex","placeholders":[]},"exposetoobjectitems":{"type":"complex","placeholders":[]},"exposeasmessageitems":{"type":"complex","placeholders":[]},"exposehumantaskasmessageitems":{"type":"complex","placeholders":[]},"exposehumantasktoobjectitems":{"type":"complex","placeholders":[]},"tasklistener":{"type":"complex","placeholders":[]}},"properties":{"stencilid":"HumanTask","stencilsuperid":"Task","stencilsuperids":["Task"],"customstencil":false,"bordercolor":"#000000","notes":"","planitemlifecyclelisteners":"","required":false,"required-run":"","repetition":false,"repetition-run":"","repetitioncountervariablename":"repetitionCounter","maxinstancecount":"unlimited","collectionvariable":"","elementvariable":"","elementindexvariable":"","manualactivation":false,"manualactivation-run":"","startformreference":"","startformsamedeployment":true,"startformfieldvalidation":false,"formfieldvalidation-run":"","manualactivationpermissiongroups":"","manualactivationpermissiongroups-run":"","manualactivationname":"","manualactivationname_en_us":"","manualactivationname_en_us-run":"","manualactivationname_de_de":"","manualactivationname_de_de-run":"","manualactivationname_fr_fr":"","manualactivationname_fr_fr-run":"","manualactivationname_it_it":"","manualactivationname_it_it-run":"","manualactivationname_es_es":"","manualactivationname_es_es-run":"","manualactivationname-run":"","manualactivationname_i18n-key":"","manualactivationchannels":"","manualactivationchannels-run":"","completionneutral":false,"completionneutral-run":"","impactparentcompletion":"default","bgcolor":"#ffffff","isblocking":true,"isblocking-run":"","id":"humanTask2","name":"HR Identifikation","name_en_us":"HR Identifikation","name_de_de":"","name_fr_fr":"","name_it_it":"","name_es_es":"","name_i18n-key":"","description":"","fontsize":"12","fontweight":"normal","fontstyle":"normal","fontcolor":"#000000","async":false,"exclusive":true,"exposetoobjectitems":"","exposeasmessageitems":"","exposehumantaskasmessageitems":"","exposehumantasktoobjectitems":"","availablestaterendering":"readOnly","activestaterendering":"fullAccess","completedstaterendering":"hidden","terminatedstaterendering":"hidden","owner":"","owner-run":"","assignee":"","assignee-run":"${initiator}","candidateusers":"","candidateusers-run":"","candidategroups":"","candidategroups-run":"","participantusers":"","participantusers-run":"","participantgroups":"","participantgroups-run":"","watcherusers":"","watcherusers-run":"","watchergroups":"","watchergroups-run":"","isdiscretionary":false,"applicabilityrule":"","tasktype":"human","name_en_us-run":"HR Identifikation","name_de_de-run":"","name_fr_fr-run":"","name_it_it-run":"","name_es_es-run":"","name-run":"HR Identifikation","form_entry":{"id":"FORM_MODEL-cabc49c3-49be-428b-bc19-e67e46c4dd3f","key":"hrIdentifikation"},"samedeployment":true,"formfieldvalidation":false,"taskid":"","securitypolicy":"","priority":"","duedate":"","tasklistener":"","customfolderpath":"","categorydefinition":"","candidatestype":"all","exposetocaseview":"","elementlabel":"","elementlabel_en_us":"","elementlabel_de_de":"","elementlabel_fr_fr":"","elementlabel_it_it":"","elementlabel_es_es":"","elementlabel_i18n-key":"","elementicon":"","elementindex":""},"ssextensions":[],"outgoing":[],"dockers":[],"labels":[{"styles":{"fill":"#000000","size":"12","italic":false,"bold":false},"ref":"text_name"}]},{"resourceId":"decisionTask2","stencil":{"id":"Task"},"pathProperties":{},"xmlProperties":["planitemlifecyclelisteners"],"childShapes":[],"bounds":{"lowerRight":{"x":145,"y":145},"upperLeft":{"x":45,"y":65}},"specialproperties":{"startformreference":{"type":"treeview"},"decisiontablereference":{"type":"treeview"}},"outputmappingproperties":{"planitemlifecyclelisteners":{"type":"complex","placeholders":[]}},"properties":{"stencilid":"DecisionTask","stencilsuperid":"Task","stencilsuperids":["Task"],"customstencil":false,"bordercolor":"#000000","notes":"","planitemlifecyclelisteners":"","required":false,"required-run":"","repetition":false,"repetition-run":"","repetitioncountervariablename":"repetitionCounter","maxinstancecount":"unlimited","collectionvariable":"","elementvariable":"","elementindexvariable":"","manualactivation":false,"manualactivation-run":"","startformreference":"","startformsamedeployment":true,"startformfieldvalidation":false,"formfieldvalidation-run":"","manualactivationpermissiongroups":"","manualactivationpermissiongroups-run":"","manualactivationname":"","manualactivationname_en_us":"","manualactivationname_en_us-run":"","manualactivationname_de_de":"","manualactivationname_de_de-run":"","manualactivationname_fr_fr":"","manualactivationname_fr_fr-run":"","manualactivationname_it_it":"","manualactivationname_it_it-run":"","manualactivationname_es_es":"","manualactivationname_es_es-run":"","manualactivationname-run":"","manualactivationname_i18n-key":"","manualactivationchannels":"","manualactivationchannels-run":"","completionneutral":false,"completionneutral-run":"","impactparentcompletion":"default","bgcolor":"#ffffff","isblocking":true,"isblocking-run":"","id":"decisionTask2","name":"Prüfe Konzenstruktur","name_en_us":"Prüfe Konzenstruktur","name_de_de":"","name_fr_fr":"","name_it_it":"","name_es_es":"","name_i18n-key":"","description":"","fontsize":"12","fontweight":"normal","fontstyle":"normal","fontcolor":"#000000","async":false,"exclusive":true,"isdiscretionary":false,"applicabilityrule":"","tasktype":"service","decisiontablereference":{"id":"DMN_MODEL-082d08d5-ad10-4cd1-bbf3-1eb5db031247","key":"PrüfeKonzenstrukturDecision"},"samedeployment":true,"decisiontaskthrowerroronnohits":false,"fallback-to-default-tenant":true},"ssextensions":[],"outgoing":[],"dockers":[],"labels":[{"styles":{"fill":"#000000","size":"12","italic":false,"bold":false},"ref":"text_name"}]},{"resourceId":"userEventListener2","stencil":{"id":"EventListener"},"pathProperties":{},"xmlProperties":["planitemlifecyclelisteners","exposetoobjectitems","exposeasmessageitems"],"childShapes":[],"bounds":{"lowerRight":{"x":525.498,"y":105.25049999999999},"upperLeft":{"x":495,"y":74.7495}},"specialproperties":{"startformreference":{"type":"treeview"}},"outputmappingproperties":{"planitemlifecyclelisteners":{"type":"complex","placeholders":[]},"exposetoobjectitems":{"type":"complex","placeholders":[]},"exposeasmessageitems":{"type":"complex","placeholders":[]}},"properties":{"stencilid":"UserEventListener","stencilsuperid":"EventListener","stencilsuperids":["EventListener"],"customstencil":false,"bordercolor":"#000000","notes":"","required":false,"required-run":"","repetition":false,"repetition-run":"","repetitioncountervariablename":"repetitionCounter","maxinstancecount":"unlimited","collectionvariable":"","elementvariable":"","elementindexvariable":"","manualactivation":"","startformreference":"","startformsamedeployment":true,"startformfieldvalidation":false,"formfieldvalidation-run":"","manualactivationpermissiongroups":"","manualactivationpermissiongroups-run":"","manualactivationname":"","manualactivationname_en_us":"","manualactivationname_en_us-run":"","manualactivationname_de_de":"","manualactivationname_de_de-run":"","manualactivationname_fr_fr":"","manualactivationname_fr_fr-run":"","manualactivationname_it_it":"","manualactivationname_it_it-run":"","manualactivationname_es_es":"","manualactivationname_es_es-run":"","manualactivationname-run":"","manualactivationname_i18n-key":"","manualactivationchannels":"","manualactivationchannels-run":"","completionneutral":false,"completionneutral-run":"","impactparentcompletion":"default","planitemlifecyclelisteners":"","bgcolor":"#ffffff","id":"userEventListener2","name":"Cancel","name_en_us":"Cancel","name_de_de":"","name_fr_fr":"","name_it_it":"","name_es_es":"","name_i18n-key":"","description":"","fontsize":"12","fontweight":"normal","fontstyle":"normal","fontcolor":"#000000","availablecondition":"","availablecondition-run":"","eventlistenerpermissiongroups":"","eventlistenerpermissiongroups-run":"","eventlistenername":"","eventlistenername_en_us":"","eventlistenername_en_us-run":"","eventlistenername_de_de":"","eventlistenername_de_de-run":"","eventlistenername_fr_fr":"","eventlistenername_fr_fr-run":"","eventlistenername_it_it":"","eventlistenername_it_it-run":"","eventlistenername_es_es":"","eventlistenername_es_es-run":"","eventlistenername-run":"","eventlistenername_i18n-key":"","eventlistenerchannels":"","eventlistenerchannels-run":"","type":"","type-run":"","exposetoobjectitems":"","exposeasmessageitems":""},"ssextensions":[],"outgoing":[{"resourceId":"connector1"}],"dockers":[{"x":510.249,"y":90}],"labels":[{"styles":{"fill":"#000000","size":"12","italic":false,"bold":false},"ref":"text_name"}]}],"bounds":{"lowerRight":{"x":690,"y":450},"upperLeft":{"x":39,"y":240}},"specialproperties":{"startformreference":{"type":"treeview"}},"outputmappingproperties":{"planitemlifecyclelisteners":{"type":"complex","placeholders":[]}},"properties":{"stencilid":"ExpandedStage","stencilsuperid":"ExpandedStage","stencilsuperids":["ExpandedStage"],"customstencil":false,"bordercolor":"#000000","notes":"","required":false,"required-run":"","repetition":false,"repetition-run":"","repetitioncountervariablename":"repetitionCounter","maxinstancecount":"unlimited","collectionvariable":"","elementvariable":"","elementindexvariable":"","manualactivation":false,"manualactivation-run":"","startformreference":"","startformsamedeployment":true,"startformfieldvalidation":false,"formfieldvalidation-run":"","manualactivationpermissiongroups":"","manualactivationpermissiongroups-run":"","manualactivationname":"","manualactivationname_en_us":"","manualactivationname_en_us-run":"","manualactivationname_de_de":"","manualactivationname_de_de-run":"","manualactivationname_fr_fr":"","manualactivationname_fr_fr-run":"","manualactivationname_it_it":"","manualactivationname_it_it-run":"","manualactivationname_es_es":"","manualactivationname_es_es-run":"","manualactivationname-run":"","manualactivationname_i18n-key":"","manualactivationchannels":"","manualactivationchannels-run":"","completionneutral":false,"completionneutral-run":"","planitemlifecyclelisteners":"","bgcolor":"#ffffff","id":"expandedStage2","name":"OnBoarding ergänzen","name_en_us":"OnBoarding ergänzen","name_de_de":"","name_fr_fr":"","name_it_it":"","name_es_es":"","name_i18n-key":"","description":"","fontsize":"12","fontweight":"normal","fontstyle":"normal","fontcolor":"#000000","isdiscretionary":false,"applicabilityrule":"","autocomplete":true,"autocomplete-run":"","statevisible":true,"statevisible-run":"","visualizationorder":""},"ssextensions":[],"outgoing":[{"resourceId":"entryCriterion6"},{"resourceId":"connector12"}],"dockers":[],"labels":[{"styles":{"fill":"#000000","size":"12","italic":false,"bold":false},"ref":"text_name"}]},{"resourceId":"expandedStage2","stencil":{"id":"ExpandedStage"},"pathProperties":{},"xmlProperties":["planitemlifecyclelisteners","autocomplete","autocomplete-run","statevisible","statevisible-run","visualizationorder"],"childShapes":[{"resourceId":"processTask1","stencil":{"id":"Task"},"pathProperties":{},"xmlProperties":["planitemlifecyclelisteners","exposetoobjectitems","exposeasmessageitems","processname"],"childShapes":[],"bounds":{"lowerRight":{"x":145,"y":122.5},"upperLeft":{"x":45,"y":42.5}},"specialproperties":{"startformreference":{"type":"treeview"},"entry":{"type":"treeview"}},"outputmappingproperties":{"planitemlifecyclelisteners":{"type":"complex","placeholders":[]},"exposetoobjectitems":{"type":"complex","placeholders":[]},"exposeasmessageitems":{"type":"complex","placeholders":[]},"in":{"type":"complex","placeholders":[]},"out":{"type":"complex","placeholders":[]}},"properties":{"stencilid":"ProcessTask","stencilsuperid":"Task","stencilsuperids":["Task"],"customstencil":false,"bordercolor":"#000000","notes":"","planitemlifecyclelisteners":"","required":false,"required-run":"","repetition":false,"repetition-run":"","repetitioncountervariablename":"repetitionCounter","maxinstancecount":"unlimited","collectionvariable":"","elementvariable":"","elementindexvariable":"","manualactivation":false,"manualactivation-run":"","startformreference":"","startformsamedeployment":true,"startformfieldvalidation":false,"formfieldvalidation-run":"","manualactivationpermissiongroups":"","manualactivationpermissiongroups-run":"","manualactivationname":"","manualactivationname_en_us":"","manualactivationname_en_us-run":"","manualactivationname_de_de":"","manualactivationname_de_de-run":"","manualactivationname_fr_fr":"","manualactivationname_fr_fr-run":"","manualactivationname_it_it":"","manualactivationname_it_it-run":"","manualactivationname_es_es":"","manualactivationname_es_es-run":"","manualactivationname-run":"","manualactivationname_i18n-key":"","manualactivationchannels":"","manualactivationchannels-run":"","completionneutral":false,"completionneutral-run":"","impactparentcompletion":"default","bgcolor":"#ffffff","isblocking":true,"isblocking-run":"","id":"processTask1","name":"Finde Gegenpartei","name_en_us":"Finde Gegenpartei","name_de_de":"","name_fr_fr":"","name_it_it":"","name_es_es":"","name_i18n-key":"","description":"","fontsize":"12","fontweight":"normal","fontstyle":"normal","fontcolor":"#000000","async":false,"exclusive":true,"exposetoobjectitems":"","exposeasmessageitems":"","in":{"totalCount":1,"items":[{"source":"root.searchKey","sourceExpression":"","target":"searchKey"}]},"out":{"totalCount":1,"items":[{"source":"gegenpartei","sourceExpression":"","target":"gegenpartei"}]},"isdiscretionary":false,"applicabilityrule":"","tasktype":"process","entry":{"id":"PROCESS_MODEL-f4140be8-12eb-4928-8fe7-8667f8509ce7","key":"findeGegenparteiBusinessProcess"},"entry-run":"","samedeployment":true,"processname":"","processid":"","fallback-to-default-tenant":true,"business-key":"","inherit-business-key":false},"ssextensions":[],"outgoing":[],"dockers":[],"labels":[{"styles":{"fill":"#000000","size":"12","italic":false,"bold":false},"ref":"text_name"}]},{"resourceId":"userEventListener3","stencil":{"id":"EventListener"},"pathProperties":{},"xmlProperties":["planitemlifecyclelisteners","exposetoobjectitems","exposeasmessageitems"],"childShapes":[],"bounds":{"lowerRight":{"x":534.498,"y":97.75049999999999},"upperLeft":{"x":504.00000000000006,"y":67.2495}},"specialproperties":{"startformreference":{"type":"treeview"}},"outputmappingproperties":{"planitemlifecyclelisteners":{"type":"complex","placeholders":[]},"exposetoobjectitems":{"type":"complex","placeholders":[]},"exposeasmessageitems":{"type":"complex","placeholders":[]}},"properties":{"stencilid":"UserEventListener","stencilsuperid":"EventListener","stencilsuperids":["EventListener"],"customstencil":false,"bordercolor":"#000000","notes":"","required":false,"required-run":"","repetition":false,"repetition-run":"","repetitioncountervariablename":"repetitionCounter","maxinstancecount":"unlimited","collectionvariable":"","elementvariable":"","elementindexvariable":"","manualactivation":"","startformreference":"","startformsamedeployment":true,"startformfieldvalidation":false,"formfieldvalidation-run":"","manualactivationpermissiongroups":"","manualactivationpermissiongroups-run":"","manualactivationname":"","manualactivationname_en_us":"","manualactivationname_en_us-run":"","manualactivationname_de_de":"","manualactivationname_de_de-run":"","manualactivationname_fr_fr":"","manualactivationname_fr_fr-run":"","manualactivationname_it_it":"","manualactivationname_it_it-run":"","manualactivationname_es_es":"","manualactivationname_es_es-run":"","manualactivationname-run":"","manualactivationname_i18n-key":"","manualactivationchannels":"","manualactivationchannels-run":"","completionneutral":false,"completionneutral-run":"","impactparentcompletion":"default","planitemlifecyclelisteners":"","bgcolor":"#ffffff","id":"userEventListener3","name":"Cancel","name_en_us":"Cancel","name_de_de":"","name_fr_fr":"","name_it_it":"","name_es_es":"","name_i18n-key":"","description":"","fontsize":"12","fontweight":"normal","fontstyle":"normal","fontcolor":"#000000","availablecondition":"","availablecondition-run":"","eventlistenerpermissiongroups":"","eventlistenerpermissiongroups-run":"","eventlistenername":"","eventlistenername_en_us":"","eventlistenername_en_us-run":"","eventlistenername_de_de":"","eventlistenername_de_de-run":"","eventlistenername_fr_fr":"","eventlistenername_fr_fr-run":"","eventlistenername_it_it":"","eventlistenername_it_it-run":"","eventlistenername_es_es":"","eventlistenername_es_es-run":"","eventlistenername-run":"","eventlistenername_i18n-key":"","eventlistenerchannels":"","eventlistenerchannels-run":"","type":"","type-run":"","exposetoobjectitems":"","exposeasmessageitems":""},"ssextensions":[],"outgoing":[{"resourceId":"connector9"}],"dockers":[{"x":519.249,"y":82.5}],"labels":[{"styles":{"fill":"#000000","size":"12","italic":false,"bold":false},"ref":"text_name"}]}],"bounds":{"lowerRight":{"x":699,"y":195},"upperLeft":{"x":39,"y":30}},"specialproperties":{"startformreference":{"type":"treeview"}},"outputmappingproperties":{"planitemlifecyclelisteners":{"type":"complex","placeholders":[]}},"properties":{"stencilid":"ExpandedStage","stencilsuperid":"ExpandedStage","stencilsuperids":["ExpandedStage"],"customstencil":false,"bordercolor":"#000000","notes":"","required":false,"required-run":"","repetition":false,"repetition-run":"","repetitioncountervariablename":"repetitionCounter","maxinstancecount":"unlimited","collectionvariable":"","elementvariable":"","elementindexvariable":"","manualactivation":false,"manualactivation-run":"","startformreference":"","startformsamedeployment":true,"startformfieldvalidation":false,"formfieldvalidation-run":"","manualactivationpermissiongroups":"","manualactivationpermissiongroups-run":"","manualactivationname":"","manualactivationname_en_us":"","manualactivationname_en_us-run":"","manualactivationname_de_de":"","manualactivationname_de_de-run":"","manualactivationname_fr_fr":"","manualactivationname_fr_fr-run":"","manualactivationname_it_it":"","manualactivationname_it_it-run":"","manualactivationname_es_es":"","manualactivationname_es_es-run":"","manualactivationname-run":"","manualactivationname_i18n-key":"","manualactivationchannels":"","manualactivationchannels-run":"","completionneutral":false,"completionneutral-run":"","planitemlifecyclelisteners":"","bgcolor":"#ffffff","id":"expandedStage1","name":"OnBoarding starten","name_en_us":"OnBoarding starten","name_de_de":"","name_fr_fr":"","name_it_it":"","name_es_es":"","name_i18n-key":"","description":"","fontsize":"12","fontweight":"normal","fontstyle":"normal","fontcolor":"#000000","isdiscretionary":false,"applicabilityrule":"","autocomplete":true,"autocomplete-run":"","statevisible":true,"statevisible-run":"","visualizationorder":""},"ssextensions":[],"outgoing":[{"resourceId":"connector11"}],"dockers":[],"labels":[{"styles":{"fill":"#000000","size":"12","italic":false,"bold":false},"ref":"text_name"}]},{"resourceId":"expandedStage3","stencil":{"id":"ExpandedStage"},"pathProperties":{},"xmlProperties":["planitemlifecyclelisteners","autocomplete","autocomplete-run","statevisible","statevisible-run","visualizationorder"],"childShapes":[{"resourceId":"processTask2","stencil":{"id":"Task"},"pathProperties":{},"xmlProperties":["planitemlifecyclelisteners","exposetoobjectitems","exposeasmessageitems","processname"],"childShapes":[],"bounds":{"lowerRight":{"x":160,"y":129.5},"upperLeft":{"x":60,"y":49.5}},"specialproperties":{"startformreference":{"type":"treeview"},"entry":{"type":"treeview"}},"outputmappingproperties":{"planitemlifecyclelisteners":{"type":"complex","placeholders":[]},"exposetoobjectitems":{"type":"complex","placeholders":[]},"exposeasmessageitems":{"type":"complex","placeholders":[]},"in":{"type":"complex","placeholders":[]},"out":{"type":"complex","placeholders":[]}},"properties":{"stencilid":"ProcessTask","stencilsuperid":"Task","stencilsuperids":["Task"],"customstencil":false,"bordercolor":"#000000","notes":"","planitemlifecyclelisteners":"","required":false,"required-run":"","repetition":false,"repetition-run":"","repetitioncountervariablename":"repetitionCounter","maxinstancecount":"unlimited","collectionvariable":"","elementvariable":"","elementindexvariable":"","manualactivation":false,"manualactivation-run":"","startformreference":"","startformsamedeployment":true,"startformfieldvalidation":false,"formfieldvalidation-run":"","manualactivationpermissiongroups":"","manualactivationpermissiongroups-run":"","manualactivationname":"","manualactivationname_en_us":"","manualactivationname_en_us-run":"","manualactivationname_de_de":"","manualactivationname_de_de-run":"","manualactivationname_fr_fr":"","manualactivationname_fr_fr-run":"","manualactivationname_it_it":"","manualactivationname_it_it-run":"","manualactivationname_es_es":"","manualactivationname_es_es-run":"","manualactivationname-run":"","manualactivationname_i18n-key":"","manualactivationchannels":"","manualactivationchannels-run":"","completionneutral":false,"completionneutral-run":"","impactparentcompletion":"default","bgcolor":"#ffffff","isblocking":true,"isblocking-run":"","id":"processTask2","name":"Schreibe Gegenpartei","name_en_us":"Schreibe Gegenpartei","name_de_de":"","name_fr_fr":"","name_it_it":"","name_es_es":"","name_i18n-key":"","description":"","fontsize":"12","fontweight":"normal","fontstyle":"normal","fontcolor":"#000000","async":false,"exclusive":true,"exposetoobjectitems":"","exposeasmessageitems":"","in":{"totalCount":1,"items":[{"source":"gegenpartei","sourceExpression":"","target":"gegenpartei"}]},"out":"","isdiscretionary":false,"applicabilityrule":"","tasktype":"process","entry":{"id":"PROCESS_MODEL-ce20dbf6-1193-499a-bcc0-a56234465b79","key":"ergaenzeOderErstelleGegenpartei"},"entry-run":"","samedeployment":true,"processname":"","processid":"","fallback-to-default-tenant":true,"business-key":"","inherit-business-key":false},"ssextensions":[],"outgoing":[],"dockers":[],"labels":[{"styles":{"fill":"#000000","size":"12","italic":false,"bold":false},"ref":"text_name"}]}],"bounds":{"lowerRight":{"x":699,"y":705},"upperLeft":{"x":46,"y":526}},"specialproperties":{"startformreference":{"type":"treeview"}},"outputmappingproperties":{"planitemlifecyclelisteners":{"type":"complex","placeholders":[]}},"properties":{"stencilid":"ExpandedStage","stencilsuperid":"ExpandedStage","stencilsuperids":["ExpandedStage"],"customstencil":false,"bordercolor":"#000000","notes":"","required":false,"required-run":"","repetition":false,"repetition-run":"","repetitioncountervariablename":"repetitionCounter","maxinstancecount":"unlimited","collectionvariable":"","elementvariable":"","elementindexvariable":"","manualactivation":false,"manualactivation-run":"","startformreference":"","startformsamedeployment":true,"startformfieldvalidation":false,"formfieldvalidation-run":"","manualactivationpermissiongroups":"","manualactivationpermissiongroups-run":"","manualactivationname":"","manualactivationname_en_us":"","manualactivationname_en_us-run":"","manualactivationname_de_de":"","manualactivationname_de_de-run":"","manualactivationname_fr_fr":"","manualactivationname_fr_fr-run":"","manualactivationname_it_it":"","manualactivationname_it_it-run":"","manualactivationname_es_es":"","manualactivationname_es_es-run":"","manualactivationname-run":"","manualactivationname_i18n-key":"","manualactivationchannels":"","manualactivationchannels-run":"","completionneutral":false,"completionneutral-run":"","planitemlifecyclelisteners":"","bgcolor":"#ffffff","id":"expandedStage3","name":"OnBoarding abschliessen","name_en_us":"OnBoarding abschliessen","name_de_de":"","name_fr_fr":"","name_it_it":"","name_es_es":"","name_i18n-key":"","description":"","fontsize":"12","fontweight":"normal","fontstyle":"normal","fontcolor":"#000000","isdiscretionary":false,"applicabilityrule":"","autocomplete":false,"autocomplete-run":"","statevisible":true,"statevisible-run":"","visualizationorder":""},"ssextensions":[],"outgoing":[{"resourceId":"entryCriterion7"}],"dockers":[],"labels":[{"styles":{"fill":"#000000","size":"12","italic":false,"bold":false},"ref":"text_name"}]},{"resourceId":"exitCriterion1","stencil":{"id":"ExitCriterion"},"pathProperties":{},"xmlProperties":[],"childShapes":[],"bounds":{"lowerRight":{"x":956,"y":344},"upperLeft":{"x":938,"y":316}},"properties":{"stencilid":"ExitCriterion","stencilsuperid":"ExitCriterion","stencilsuperids":["ExitCriterion"],"customstencil":false,"fontsize":"12","notes":"","fontweight":"normal","fontstyle":"normal","fontcolor":"#000000","id":"exitCriterion1","name":"","name_en_us":"","name_de_de":"","name_fr_fr":"","name_it_it":"","name_es_es":"","name_i18n-key":"","description":"","condition":"","triggermode":"deferred","exittype":"default","exiteventtype":"exit"},"ssextensions":[],"outgoing":[],"dockers":[{"x":929.5092348284966,"y":330}]},{"resourceId":"exitCriterion2","stencil":{"id":"ExitCriterion"},"pathProperties":{},"xmlProperties":[],"childShapes":[],"bounds":{"lowerRight":{"x":956,"y":126},"upperLeft":{"x":938,"y":98}},"properties":{"stencilid":"ExitCriterion","stencilsuperid":"ExitCriterion","stencilsuperids":["ExitCriterion"],"customstencil":false,"fontsize":"12","notes":"","fontweight":"normal","fontstyle":"normal","fontcolor":"#000000","id":"exitCriterion2","name":"","name_en_us":"","name_de_de":"","name_fr_fr":"","name_it_it":"","name_es_es":"","name_i18n-key":"","description":"","condition":"","triggermode":"deferred","exittype":"default","exiteventtype":"exit"},"ssextensions":[],"outgoing":[],"dockers":[{"x":947.0000000000007,"y":112}]},{"resourceId":"entryCriterion6","stencil":{"id":"EntryCriterion"},"pathProperties":{},"xmlProperties":[],"childShapes":[],"bounds":{"lowerRight":{"x":378,"y":254},"upperLeft":{"x":360,"y":226}},"properties":{"stencilid":"EntryCriterion","stencilsuperid":"EntryCriterion","stencilsuperids":["EntryCriterion"],"customstencil":false,"fontsize":"12","notes":"","fontweight":"normal","fontstyle":"normal","fontcolor":"#000000","id":"entryCriterion6","name":"","name_en_us":"","name_de_de":"","name_fr_fr":"","name_it_it":"","name_es_es":"","name_i18n-key":"","description":"","condition":{"children":[{"sourceValue":{"name":"gegenpartei","variableType":"variable"},"operator":"vars:exists","targetValue":{"type":"string","variableType":"value"}}],"match":"all"},"triggermode":"deferred"},"ssextensions":[],"outgoing":[],"dockers":[{"x":330,"y":14}]},{"resourceId":"entryCriterion7","stencil":{"id":"EntryCriterion"},"pathProperties":{},"xmlProperties":[],"childShapes":[],"bounds":{"lowerRight":{"x":373,"y":540},"upperLeft":{"x":355,"y":512}},"properties":{"stencilid":"EntryCriterion","stencilsuperid":"EntryCriterion","stencilsuperids":["EntryCriterion"],"customstencil":false,"fontsize":"12","notes":"","fontweight":"normal","fontstyle":"normal","fontcolor":"#000000","id":"entryCriterion7","name":"","name_en_us":"","name_de_de":"","name_fr_fr":"","name_it_it":"","name_es_es":"","name_i18n-key":"","description":"","condition":{"children":[{"sourceValue":{"name":"gegenpartei","variableType":"variable"},"operator":"vars:exists","targetValue":{"type":"string","variableType":"value"}}],"match":"all"},"triggermode":"deferred"},"ssextensions":[],"outgoing":[],"dockers":[{"x":318,"y":13}]}],"bounds":{"lowerRight":{"x":947,"y":784},"upperLeft":{"x":0,"y":30}},"specialproperties":{"formreference":{"type":"treeview"},"workformreference":{"type":"treeview"},"inboundchannelreference":{"type":"treeview","placeholder":"inboundchannelkey"}},"outputmappingproperties":{"planitemlifecyclelisteners":{"type":"complex","placeholders":[]}},"properties":{"stencilid":"CasePlanModel","stencilsuperid":"CasePlanModel","stencilsuperids":["CasePlanModel"],"customstencil":false,"bordercolor":"#000000","notes":"","planitemlifecyclelisteners":"","bgcolor":"#ffffff","id":"onecaseplanmodel1","name":"Case plan model","name_en_us":"Case plan model","name_de_de":"","name_fr_fr":"","name_it_it":"","name_es_es":"","name_i18n-key":"","description":"","fontsize":"12","fontweight":"normal","fontstyle":"normal","fontcolor":"#000000","autocomplete":false,"autocomplete-run":"","formreference":{"id":"FORM_MODEL-3f91f240-b614-46aa-9783-065078b350f6","key":"onBoardStartForm"},"samedeployment":true,"formfieldvalidation":false,"formfieldvalidation-run":"","workformreference":"","workformsamedeployment":true,"workformfieldvalidation":false,"workformfieldvalidation-run":"","inboundstarteventconfiguration":"","inboundchannelreference":"","inboundchannelkey":""},"ssextensions":[],"outgoing":[{"resourceId":"exitCriterion1"},{"resourceId":"exitCriterion2"}],"dockers":[],"labels":[{"styles":{"fill":"#000000","size":"12","italic":false,"bold":false},"ref":"text_name"}]},{"resourceId":"connector1","stencil":{"id":"Connector"},"pathProperties":{},"xmlProperties":[],"childShapes":[],"bounds":{"lowerRight":{"x":937,"y":360},"upperLeft":{"x":565,"y":360}},"properties":{"stencilid":"Connector","stencilsuperid":"Connector","stencilsuperids":["Connector"],"customstencil":false,"bordercolor":"#000000","notes":"","id":"connector1","name":"occur","name_en_us":"occur","name_de_de":"occur","name_fr_fr":"occur","name_it_it":"occur","name_es_es":"occur","name_i18n-key":"","description":"","fontsize":"12","fontweight":"normal","fontstyle":"normal","fontcolor":"#000000","standardevent":"occur","display_ref_in_diagram":true},"ssextensions":[],"outgoing":[{"resourceId":"exitCriterion1"}],"dockers":[{"x":15.49800000000002,"y":15.500999999999994},{"x":9,"y":14}],"labels":[{"styles":{"fill":"#000000","size":"12","italic":false,"bold":false},"ref":"text_name"}],"target":{"resourceId":"exitCriterion1"}},{"resourceId":"connector9","stencil":{"id":"Connector"},"pathProperties":{},"xmlProperties":[],"childShapes":[],"bounds":{"lowerRight":{"x":937,"y":142},"upperLeft":{"x":573,"y":142}},"properties":{"stencilid":"Connector","stencilsuperid":"Connector","stencilsuperids":["Connector"],"customstencil":false,"bordercolor":"#000000","notes":"","id":"connector9","name":"occur","name_en_us":"occur","name_de_de":"occur","name_fr_fr":"occur","name_it_it":"occur","name_es_es":"occur","name_i18n-key":"","description":"","fontsize":"12","fontweight":"normal","fontstyle":"normal","fontcolor":"#000000","standardevent":"occur","display_ref_in_diagram":true},"ssextensions":[],"outgoing":[{"resourceId":"exitCriterion2"}],"dockers":[{"x":15.497999999999994,"y":15.500999999999994},{"x":9,"y":14}],"labels":[{"styles":{"fill":"#000000","size":"12","italic":false,"bold":false},"ref":"text_name"}],"target":{"resourceId":"exitCriterion2"}},{"resourceId":"connector11","stencil":{"id":"Connector"},"pathProperties":{},"xmlProperties":[],"childShapes":[],"bounds":{"lowerRight":{"x":369,"y":255},"upperLeft":{"x":369,"y":225}},"properties":{"stencilid":"Connector","stencilsuperid":"Connector","stencilsuperids":["Connector"],"customstencil":false,"bordercolor":"#000000","notes":"","id":"connector11","name":"complete","name_en_us":"complete","name_de_de":"complete","name_fr_fr":"complete","name_it_it":"complete","name_es_es":"complete","name_i18n-key":"","description":"","fontsize":"12","fontweight":"normal","fontstyle":"normal","fontcolor":"#000000","standardevent":"complete","display_ref_in_diagram":true},"ssextensions":[],"outgoing":[{"resourceId":"entryCriterion6"}],"dockers":[{"x":330,"y":82.5},{"x":369,"y":247.5},{"x":369,"y":247.5},{"x":9,"y":14}],"labels":[{"x":387.154296875,"y":245,"valign":"bottom","align":"left","ref":"text_name"},{"styles":{"fill":"#000000","size":"12","italic":false,"bold":false},"ref":"text_name"}],"target":{"resourceId":"entryCriterion6"}},{"resourceId":"connector12","stencil":{"id":"Connector"},"pathProperties":{},"xmlProperties":[],"childShapes":[],"bounds":{"lowerRight":{"x":364.5,"y":541},"upperLeft":{"x":364,"y":480}},"properties":{"stencilid":"Connector","stencilsuperid":"Connector","stencilsuperids":["Connector"],"customstencil":false,"bordercolor":"#000000","notes":"","id":"connector12","name":"complete","name_en_us":"complete","name_de_de":"complete","name_fr_fr":"complete","name_it_it":"complete","name_es_es":"complete","name_i18n-key":"","description":"","fontsize":"12","fontweight":"normal","fontstyle":"normal","fontcolor":"#000000","standardevent":"complete","display_ref_in_diagram":true},"ssextensions":[],"outgoing":[{"resourceId":"entryCriterion7"}],"dockers":[{"x":325.5,"y":105},{"x":364.5,"y":518},{"x":364,"y":518},{"x":9,"y":14}],"labels":[{"styles":{"fill":"#000000","size":"12","italic":false,"bold":false},"ref":"text_name"}],"target":{"resourceId":"entryCriterion7"}}],"bounds":{"lowerRight":{"x":1485,"y":1050},"upperLeft":{"x":0,"y":0}},"specialproperties":{"securitypolicy":{"type":"treeview"}},"outputmappingproperties":{"customcaseviewelements":{"type":"formlist","placeholders":[]},"namespaces":{"type":"complex","placeholders":[]}},"properties":{"stencilid":"CASEDiagram","stencilsuperid":"CASEDiagram","stencilsuperids":["CASEDiagram"],"customstencil":false,"owner":"","owner-run":"","notes":"","assignee":"","assignee-run":"","participantusers":"","participantusers-run":"","participantgroups":"","participantgroups-run":"","watcherusers":"","watcherusers-run":"","watchergroups":"","watchergroups-run":"","customcaseviewelements":"","id":"onBoardingCase","name":"OnBoardingCase","name_en_us":"","name_de_de":"","name_fr_fr":"","name_it_it":"","name_es_es":"","name_i18n-key":"","description":"","fontsize":"12","fontweight":"normal","fontstyle":"normal","fontcolor":"#000000","labelexpression":"","creationdate":"2020-05-15T15:08:06.837Z","modificationdate":"2020-05-26T09:35:31.876Z","caseinstancename":"","caseinstancename_en_us":"","caseinstancename_en_us-run":"","caseinstancename_de_de":"","caseinstancename_de_de-run":"","caseinstancename_fr_fr":"","caseinstancename_fr_fr-run":"","caseinstancename_it_it":"","caseinstancename_it_it-run":"","caseinstancename_es_es":"","caseinstancename_es_es-run":"","caseinstancename-run":"","caseinstancename_i18n-key":"","securitypolicy":"","customfolderpath":"","case_potentialstarteruser":"","case_potentialstarteruser-run":"","case_potentialstartergroup":"handel","case_potentialstartergroup-run":"handel","do-not-inherit-start-user-as-owner":"","do-not-inherit-start-user-as-assignee":"","version":"","author":"","case_initiatorvariablename":"initiator","case_namespace":"","namespaces":""},"ssextensions":[],"stencilset":{"url":"./app/editor_stencilset","paletteKey":"flowable-case-palette","namespace":"http://b3mn.org/stencilset/case1.0#"}}}