{"id":"PAGE_MODEL-83bcf5a9-8db8-4979-aec3-624af2699578","name":"Loans dashboard","key":"loansDashboard","description":"","tenantId":"default","editorJson":{"resourceId":"editor_PAGE_MODEL-9ab23712-b926-4ebb-aaff-2bf1e4cae7ce","stencil":{"id":"XForm"},"pathProperties":{"outcomes":"outcomes","outcomevariablename":"outcomeVariableName","datamodel":"dataModel","dialog-size":"dialogSize","dialog-title":"dialogTitle","dialog-description":"dialogDescription"},"xmlProperties":[],"childShapes":[{"resourceId":"panel1","stencil":{"id":"SlotPanel"},"pathProperties":{"id":"id"},"xmlProperties":[],"childShapes":[{"resourceId":"work-task-list1","stencil":{"id":"Component"},"pathProperties":{"label":"label","label_en_us":"i18n.en_us.label","label_de_de":"i18n.de_de.label","label_fr_fr":"i18n.fr_fr.label","label_it_it":"i18n.it_it.label","label_es_es":"i18n.es_es.label","label_i18n-key":"label","label-position":"labelAlign","tooltip":"tooltip","tooltip_en_us":"i18n.en_us.tooltip","tooltip_de_de":"i18n.de_de.tooltip","tooltip_fr_fr":"i18n.fr_fr.tooltip","tooltip_it_it":"i18n.it_it.tooltip","tooltip_es_es":"i18n.es_es.tooltip","tooltip_i18n-key":"tooltip","value":"value","default-value":"defaultValue","description":"description","description_en_us":"i18n.en_us.description","description_de_de":"i18n.de_de.description","description_fr_fr":"i18n.fr_fr.description","description_it_it":"i18n.it_it.description","description_es_es":"i18n.es_es.description","description_i18n-key":"description","col-span":"size","ignored":"ignore","ignored-run":"ignore","visible":"visible","visible-run":"visible","enabled":"enabled","enabled-run":"enabled","required":"isRequired","required-run":"isRequired","style-class":"styleClass","id":"id","filter-id":"extraSettings.filterId","filter-id-run":"extraSettings.filterId","scopedefinitionid":"extraSettings.scopeDefinitionId","scopedefinitionid-run":"extraSettings.scopeDefinitionId","scopedefinitionkey":"extraSettings.scopeDefinitionKey","scopedefinitionkey-run":"extraSettings.scopeDefinitionKey","style":"extraSettings.style","style-run":"extraSettings.style","max-height":"extraSettings.maxHeight","show-total":"extraSettings.showTotal","show-total-run":"extraSettings.showTotal","link-url":"extraSettings.linkUrl","query-url":"extraSettings.queryUrl"},"xmlProperties":[],"childShapes":[],"bounds":{"lowerRight":{"x":492,"y":101},"upperLeft":{"x":15,"y":25}},"properties":{"stencilid":"work-task-list","stencilsuperid":"Component","stencilsuperids":["Component"],"customstencil":false,"bordercolor":"#000000","notes":"","label":"Task list","label_en_us":"Task list","label_de_de":"","label_fr_fr":"","label_it_it":"","label_es_es":"","label_i18n-key":"","label-position":"top","tooltip":"","tooltip_en_us":"","tooltip_de_de":"","tooltip_fr_fr":"","tooltip_it_it":"","tooltip_es_es":"","tooltip_i18n-key":"","value":"","default-value":"","description":"","description_en_us":"","description_de_de":"","description_fr_fr":"","description_it_it":"","description_es_es":"","description_i18n-key":"","col-span":"1","ignored":false,"ignored-run":"","visible":true,"visible-run":"","enabled":true,"enabled-run":"","required":false,"required-run":"","style-class":"","documentation":"","id":"work-task-list1","width":"200","height":"","col":1,"col-align":"fill","col-weight":"","row":1,"row-align":"top","row-weight":"","size":6,"description-position":"bottom","description-align":"left","node-type":"","filter-id":"","filter-id-run":"","scopedefinitionid":"","scopedefinitionid-run":"","scopedefinitionkey":"loanCase","scopedefinitionkey-run":"loanCase","style":"wide","style-run":"","max-height":"","show-total":false,"show-total-run":"","link-url":"","query-url":"","xmlTag":"workTaskList"},"ssextensions":[],"outgoing":[],"dockers":[],"labels":[{"styles":{"fill":"#000000","size":"12","italic":false,"bold":false},"ref":"label_text"},{"styles":{"fill":"#000000","size":"12","italic":false,"bold":false},"ref":"input_text"},{"styles":{"fill":"#000000","size":"12","italic":false,"bold":false},"ref":"input_dependent_textitemlist_0"},{"styles":{"fill":"#000000","size":"12","italic":false,"bold":false},"ref":"input_dependent_textitemlist_1"},{"styles":{"fill":"#000000","size":"12","italic":false,"bold":false},"ref":"desc_text"}]},{"resourceId":"work-chart1","stencil":{"id":"Component"},"pathProperties":{"label":"label","label_en_us":"i18n.en_us.label","label_de_de":"i18n.de_de.label","label_fr_fr":"i18n.fr_fr.label","label_it_it":"i18n.it_it.label","label_es_es":"i18n.es_es.label","label_i18n-key":"label","label-position":"labelAlign","tooltip":"tooltip","tooltip_en_us":"i18n.en_us.tooltip","tooltip_de_de":"i18n.de_de.tooltip","tooltip_fr_fr":"i18n.fr_fr.tooltip","tooltip_it_it":"i18n.it_it.tooltip","tooltip_es_es":"i18n.es_es.tooltip","tooltip_i18n-key":"tooltip","value":"value","default-value":"defaultValue","description":"description","description_en_us":"i18n.en_us.description","description_de_de":"i18n.de_de.description","description_fr_fr":"i18n.fr_fr.description","description_it_it":"i18n.it_it.description","description_es_es":"i18n.es_es.description","description_i18n-key":"description","col-span":"size","ignored":"ignore","ignored-run":"ignore","visible":"visible","visible-run":"visible","enabled":"enabled","enabled-run":"enabled","required":"isRequired","required-run":"isRequired","style-class":"styleClass","id":"id","feature":"extraSettings.feature","feature-run":"extraSettings.feature","filter":"extraSettings.filter","filter-run":"extraSettings.filter","fromdate":"extraSettings.from","fromdate-run":"extraSettings.from","todate":"extraSettings.to","todate-run":"extraSettings.to","subtype":"extraSettings.subtype","subtype-run":"extraSettings.subtype","groupby":"extraSettings.groupBy","groupby-run":"extraSettings.groupBy","reporttype":"extraSettings.reportType","reporttype-run":"extraSettings.reportType","calculate":"extraSettings.calculate","calculate-run":"extraSettings.calculate","scopedefinitionid":"extraSettings.scopeDefinitionId","scopedefinitionid-run":"extraSettings.scopeDefinitionId","scopedefinitionkey":"extraSettings.scopeDefinitionKey","scopedefinitionkey-run":"extraSettings.scopeDefinitionKey","showlegend":"extraSettings.showLegend","showlegend-run":"extraSettings.showLegend"},"xmlProperties":[],"childShapes":[],"bounds":{"lowerRight":{"x":984,"y":199},"upperLeft":{"x":507,"y":25}},"properties":{"stencilid":"work-chart","stencilsuperid":"Component","stencilsuperids":["Component"],"customstencil":false,"bordercolor":"#000000","notes":"","label":"Duration of completed tasks","label_en_us":"Duration of completed tasks","label_de_de":"","label_fr_fr":"","label_it_it":"","label_es_es":"","label_i18n-key":"","label-position":"top","tooltip":"","tooltip_en_us":"","tooltip_de_de":"","tooltip_fr_fr":"","tooltip_it_it":"","tooltip_es_es":"","tooltip_i18n-key":"","value":"","default-value":"","description":"","description_en_us":"","description_de_de":"","description_fr_fr":"","description_it_it":"","description_es_es":"","description_i18n-key":"","col-span":"1","ignored":false,"ignored-run":"","visible":true,"visible-run":"","enabled":true,"enabled-run":"","required":false,"required-run":"","style-class":"","documentation":"","id":"work-chart1","width":"200","height":"","col":7,"col-align":"fill","col-weight":"","row":1,"row-align":"top","row-weight":"","size":6,"description-position":"bottom","description-align":"left","node-type":"","feature":"task-instance","feature-run":"task-instance","filter":"finished","filter-run":"finished","fromdate":"P-1M","fromdate-run":"P-1M","todate":"P1D","todate-run":"P1D","subtype":"barGraph","subtype-run":"barGraph","groupby":"week","groupby-run":"week","reporttype":"duration","reporttype-run":"duration","calculate":"","calculate-run":"","scopedefinitionid":"","scopedefinitionid-run":"","scopedefinitionkey":"loanCase,loanApplication,getAdditionalIdentification,getRepayments","scopedefinitionkey-run":"loanCase,loanApplication,getAdditionalIdentification,getRepayments","showlegend":false,"showlegend-run":"","xmlTag":"workChart"},"ssextensions":[],"outgoing":[],"dockers":[],"labels":[{"styles":{"fill":"#000000","size":"12","italic":false,"bold":false},"ref":"label_text"},{"styles":{"fill":"#000000","size":"12","italic":false,"bold":false},"ref":"input_text"},{"styles":{"fill":"#000000","size":"12","italic":false,"bold":false},"ref":"desc_text"}]},{"resourceId":"work-case-list1","stencil":{"id":"Component"},"pathProperties":{"label":"label","label_en_us":"i18n.en_us.label","label_de_de":"i18n.de_de.label","label_fr_fr":"i18n.fr_fr.label","label_it_it":"i18n.it_it.label","label_es_es":"i18n.es_es.label","label_i18n-key":"label","label-position":"labelAlign","tooltip":"tooltip","tooltip_en_us":"i18n.en_us.tooltip","tooltip_de_de":"i18n.de_de.tooltip","tooltip_fr_fr":"i18n.fr_fr.tooltip","tooltip_it_it":"i18n.it_it.tooltip","tooltip_es_es":"i18n.es_es.tooltip","tooltip_i18n-key":"tooltip","value":"value","default-value":"defaultValue","description":"description","description_en_us":"i18n.en_us.description","description_de_de":"i18n.de_de.description","description_fr_fr":"i18n.fr_fr.description","description_it_it":"i18n.it_it.description","description_es_es":"i18n.es_es.description","description_i18n-key":"description","col-span":"size","ignored":"ignore","ignored-run":"ignore","visible":"visible","visible-run":"visible","enabled":"enabled","enabled-run":"enabled","required":"isRequired","required-run":"isRequired","style-class":"styleClass","id":"id","filter-id":"extraSettings.filterId","filter-id-run":"extraSettings.filterId","scopedefinitionid":"extraSettings.scopeDefinitionId","scopedefinitionid-run":"extraSettings.scopeDefinitionId","scopedefinitionkey":"extraSettings.scopeDefinitionKey","scopedefinitionkey-run":"extraSettings.scopeDefinitionKey","style":"extraSettings.style","style-run":"extraSettings.style","max-height":"extraSettings.maxHeight","show-total":"extraSettings.showTotal","show-total-run":"extraSettings.showTotal","link-url":"extraSettings.linkUrl","query-url":"extraSettings.queryUrl"},"xmlProperties":[],"childShapes":[],"bounds":{"lowerRight":{"x":984,"y":300},"upperLeft":{"x":15,"y":224}},"properties":{"stencilid":"work-case-list","stencilsuperid":"Component","stencilsuperids":["Component"],"customstencil":false,"bordercolor":"#000000","notes":"","label":"Recent cases","label_en_us":"Recent cases","label_de_de":"","label_fr_fr":"","label_it_it":"","label_es_es":"","label_i18n-key":"","label-position":"top","tooltip":"","tooltip_en_us":"","tooltip_de_de":"","tooltip_fr_fr":"","tooltip_it_it":"","tooltip_es_es":"","tooltip_i18n-key":"","value":"","default-value":"","description":"","description_en_us":"","description_de_de":"","description_fr_fr":"","description_it_it":"","description_es_es":"","description_i18n-key":"","col-span":"1","ignored":false,"ignored-run":"","visible":true,"visible-run":"","enabled":true,"enabled-run":"","required":false,"required-run":"","style-class":"","documentation":"","id":"work-case-list1","width":"200","height":"","col":1,"col-align":"fill","col-weight":"","row":2,"row-align":"top","row-weight":"","size":12,"description-position":"bottom","description-align":"left","node-type":"","filter-id":"all","filter-id-run":"all","scopedefinitionid":"","scopedefinitionid-run":"","scopedefinitionkey":"loanCase","scopedefinitionkey-run":"loanCase","style":"wide","style-run":"","max-height":"","show-total":true,"show-total-run":"","link-url":"","query-url":"","xmlTag":"workCaseList"},"ssextensions":[],"outgoing":[],"dockers":[],"labels":[{"styles":{"fill":"#000000","size":"12","italic":false,"bold":false},"ref":"label_text"},{"styles":{"fill":"#000000","size":"12","italic":false,"bold":false},"ref":"input_text"},{"styles":{"fill":"#000000","size":"12","italic":false,"bold":false},"ref":"input_dependent_textitemlist_0"},{"styles":{"fill":"#000000","size":"12","italic":false,"bold":false},"ref":"input_dependent_textitemlist_1"},{"styles":{"fill":"#000000","size":"12","italic":false,"bold":false},"ref":"desc_text"}]}],"bounds":{"lowerRight":{"x":1049,"y":375},"upperLeft":{"x":50,"y":50}},"oldResourceId":"sid-8D9FC954-EB33-4C05-ADF0-5706EF50E974","properties":{"stencilid":"SlotPanel","stencilsuperid":"SlotPanel","stencilsuperids":["SlotPanel"],"customstencil":false,"id":"panel1","notes":"","width":"300"},"ssextensions":[],"outgoing":[],"dockers":[]}],"bounds":{"lowerRight":{"x":1485,"y":1050},"upperLeft":{"x":0,"y":0}},"outputmappingproperties":{"outcomes":{"type":"complex","placeholders":[]},"datamodel":{"type":"complex","placeholders":[]}},"properties":{"stencilid":"XForm","stencilsuperid":"XForm","stencilsuperids":["XForm"],"customstencil":false,"id":"loansDashboard","notes":"","name":"Loans dashboard","guid":"PAGE_MODEL-9ab23712-b926-4ebb-aaff-2bf1e4cae7ce","creationdate":"2019-08-20T10:55:07.972Z","modificationdate":"2019-08-20T16:33:43.268Z","outcomes":"","outcomevariablename":"","datamodel":"","dialog-size":"","dialog-title":"","dialog-description":"","description":""},"ssextensions":[],"stencilset":{"url":"./app/editor_stencilset","paletteKey":"flowable-page-palette","namespace":"http://b3mn.org/stencilset/pages#"}}}