{"id":"PAGE_MODEL-00570b0b-c8d9-4071-ba44-bc0999a17655","name":"OnBoarding Page","key":"onBoardingPage","description":"","tenantId":"default","editorJson":{"resourceId":"editor_PAGE_MODEL-00570b0b-c8d9-4071-ba44-bc0999a17655","stencil":{"id":"XForm"},"pathProperties":{"outcomes":"outcomes","outcomevariablename":"outcomeVariableName","datamodel":"dataModel","dialog-size":"dialogSize","dialog-title":"dialogTitle","dialog-title_en_us":"i18n.en_us.dialogTitle","dialog-title_de_de":"i18n.de_de.dialogTitle","dialog-title_fr_fr":"i18n.fr_fr.dialogTitle","dialog-title_it_it":"i18n.it_it.dialogTitle","dialog-title_es_es":"i18n.es_es.dialogTitle","dialog-title_i18n-key":"dialogTitle","dialog-description":"dialogDescription","force-validation":"forceValidation","custom-validations":"customValidations","custom-validations_en_us":"i18n.en_us.customValidations","custom-validations_de_de":"i18n.de_de.customValidations","custom-validations_fr_fr":"i18n.fr_fr.customValidations","custom-validations_it_it":"i18n.it_it.customValidations","custom-validations_es_es":"i18n.es_es.customValidations","custom-validations_i18n-key":"customValidations"},"xmlProperties":[],"childShapes":[{"resourceId":"panel1","stencil":{"id":"SlotPanel"},"pathProperties":{"id":"id"},"xmlProperties":[],"childShapes":[{"resourceId":"tabs1","stencil":{"id":"Tabs"},"pathProperties":{"label":"label","label_en_us":"i18n.en_us.label","label_de_de":"i18n.de_de.label","label_fr_fr":"i18n.fr_fr.label","label_it_it":"i18n.it_it.label","label_es_es":"i18n.es_es.label","label_i18n-key":"label","label-position":"labelAlign","tooltip":"tooltip","tooltip_en_us":"i18n.en_us.tooltip","tooltip_de_de":"i18n.de_de.tooltip","tooltip_fr_fr":"i18n.fr_fr.tooltip","tooltip_it_it":"i18n.it_it.tooltip","tooltip_es_es":"i18n.es_es.tooltip","tooltip_i18n-key":"tooltip","value":"value","default-value":"defaultValue","description":"description","description_en_us":"i18n.en_us.description","description_de_de":"i18n.de_de.description","description_fr_fr":"i18n.fr_fr.description","description_it_it":"i18n.it_it.description","description_es_es":"i18n.es_es.description","description_i18n-key":"description","col-span":"size","ignored":"ignore","ignored-run":"ignore","visible":"visible","visible-run":"visible","enabled":"enabled","enabled-run":"enabled","required":"isRequired","required-run":"isRequired","style-class":"styleClass","custom-validations":"customValidations","custom-validations_en_us":"i18n.en_us.customValidations","custom-validations_de_de":"i18n.de_de.customValidations","custom-validations_fr_fr":"i18n.fr_fr.customValidations","custom-validations_it_it":"i18n.it_it.customValidations","custom-validations_es_es":"i18n.es_es.customValidations","custom-validations_i18n-key":"customValidations","id":"id","tabs-order":"extraSettings.tabsorder","show-border":"extraSettings.showBorder"},"xmlProperties":["show-border"],"childShapes":[{"resourceId":"tab-panel1","stencil":{"id":"SubSlotPanel"},"pathProperties":{"label":"label","label_en_us":"i18n.en_us.label","label_de_de":"i18n.de_de.label","label_fr_fr":"i18n.fr_fr.label","label_it_it":"i18n.it_it.label","label_es_es":"i18n.es_es.label","label_i18n-key":"label","label-position":"labelAlign","tooltip":"tooltip","tooltip_en_us":"i18n.en_us.tooltip","tooltip_de_de":"i18n.de_de.tooltip","tooltip_fr_fr":"i18n.fr_fr.tooltip","tooltip_it_it":"i18n.it_it.tooltip","tooltip_es_es":"i18n.es_es.tooltip","tooltip_i18n-key":"tooltip","value":"value","default-value":"defaultValue","description":"description","description_en_us":"i18n.en_us.description","description_de_de":"i18n.de_de.description","description_fr_fr":"i18n.fr_fr.description","description_it_it":"i18n.it_it.description","description_es_es":"i18n.es_es.description","description_i18n-key":"description","col-span":"size","ignored":"ignore","ignored-run":"ignore","visible":"visible","visible-run":"visible","enabled":"enabled","enabled-run":"enabled","required":"isRequired","required-run":"isRequired","style-class":"styleClass","custom-validations":"customValidations","custom-validations_en_us":"i18n.en_us.customValidations","custom-validations_de_de":"i18n.de_de.customValidations","custom-validations_fr_fr":"i18n.fr_fr.customValidations","custom-validations_it_it":"i18n.it_it.customValidations","custom-validations_es_es":"i18n.es_es.customValidations","custom-validations_i18n-key":"customValidations","id":"id","server-validation-url":"extraSettings.serverValidationUrl","server-validation-result-path":"extraSettings.serverValidationResultPath","server-validation-result-message":"extraSettings.serverValidationResultMessage","server-validation-method":"extraSettings.serverValidationMethod","server-validation-body":"extraSettings.serverValidationBody"},"xmlProperties":[],"childShapes":[{"resourceId":"work-action1","stencil":{"id":"Button"},"pathProperties":{"button-text":"extraSettings.text","button-text_en_us":"i18n.en_us.extraSettings.text","button-text_de_de":"i18n.de_de.extraSettings.text","button-text_fr_fr":"i18n.fr_fr.extraSettings.text","button-text_it_it":"i18n.it_it.extraSettings.text","button-text_es_es":"i18n.es_es.extraSettings.text","button-text_i18n-key":"extraSettings.text","button-script":"extraSettings.script","button-script-timer":"extraSettings.timer","rest-button-auto-execute":"extraSettings.autoExecute","rest-button-auto-execute-run":"extraSettings.autoExecute","label":"label","label_en_us":"i18n.en_us.label","label_de_de":"i18n.de_de.label","label_fr_fr":"i18n.fr_fr.label","label_it_it":"i18n.it_it.label","label_es_es":"i18n.es_es.label","label_i18n-key":"label","button-alignment":"extraSettings.alignment","button-alignment-run":"extraSettings.alignment","button-icon-url":"extraSettings.iconUrl","button-icon-alignment":"extraSettings.iconAlignment","button-tooltip":"extraSettings.tooltip","button-tooltip_en_us":"i18n.en_us.extraSettings.tooltip","button-tooltip_de_de":"i18n.de_de.extraSettings.tooltip","button-tooltip_fr_fr":"i18n.fr_fr.extraSettings.tooltip","button-tooltip_it_it":"i18n.it_it.extraSettings.tooltip","button-tooltip_es_es":"i18n.es_es.extraSettings.tooltip","button-tooltip_i18n-key":"extraSettings.tooltip","label-position":"labelAlign","tooltip":"tooltip","tooltip_en_us":"i18n.en_us.tooltip","tooltip_de_de":"i18n.de_de.tooltip","tooltip_fr_fr":"i18n.fr_fr.tooltip","tooltip_it_it":"i18n.it_it.tooltip","tooltip_es_es":"i18n.es_es.tooltip","tooltip_i18n-key":"tooltip","value":"value","default-value":"defaultValue","description":"description","description_en_us":"i18n.en_us.description","description_de_de":"i18n.de_de.description","description_fr_fr":"i18n.fr_fr.description","description_it_it":"i18n.it_it.description","description_es_es":"i18n.es_es.description","description_i18n-key":"description","col-span":"size","ignored":"ignore","ignored-run":"ignore","visible":"visible","visible-run":"visible","enabled":"enabled","enabled-run":"enabled","required":"isRequired","required-run":"isRequired","style-class":"styleClass","custom-validations":"customValidations","custom-validations_en_us":"i18n.en_us.customValidations","custom-validations_de_de":"i18n.de_de.customValidations","custom-validations_fr_fr":"i18n.fr_fr.customValidations","custom-validations_it_it":"i18n.it_it.customValidations","custom-validations_es_es":"i18n.es_es.customValidations","custom-validations_i18n-key":"customValidations","id":"id","actiondefinitionkey":"extraSettings.actionDefinitionKey","actiondefinitionkey-run":"extraSettings.actionDefinitionKey","scopedefinitionid":"extraSettings.scopeDefinitionId","scopedefinitionid-run":"extraSettings.scopeDefinitionId","scopeid":"extraSettings.scopeId","scopeid-run":"extraSettings.scopeId","scopetype":"extraSettings.scopeType","scopetype-run":"extraSettings.scopeType","send-full-payload":"extraSettings.sendFullPayload","send-full-scope":"extraSettings.sendFullScope","sendpayloadmapping":"extraSettings.sendPayloadMapping","map-full-response":"extraSettings.mapFullResponse","map-response-inside-scope":"extraSettings.mapResponseInsideScope","responsepayloadmapping":"extraSettings.responsePayloadMapping","navigationurl":"extraSettings.navigationUrl","navigationurl-run":"extraSettings.navigationUrl","permission-groups":"extraSettings.permissionGroups"},"xmlProperties":[],"childShapes":[],"bounds":{"lowerRight":{"x":226.45,"y":51},"upperLeft":{"x":15,"y":25}},"outputmappingproperties":{"custom-validations":{"type":"complex","placeholders":[]},"custom-validations_en_us":{"type":"complex","placeholders":[]},"custom-validations_de_de":{"type":"complex","placeholders":[]},"custom-validations_fr_fr":{"type":"complex","placeholders":[]},"custom-validations_it_it":{"type":"complex","placeholders":[]},"custom-validations_es_es":{"type":"complex","placeholders":[]},"sendpayloadmapping":{"type":"complex","placeholders":[]},"responsepayloadmapping":{"type":"complex","placeholders":[]}},"properties":{"stencilid":"work-action","stencilsuperid":"Button","stencilsuperids":["Component"],"customstencil":false,"required":"","notes":"","button-text":"Starte neuen Onboarding Case","button-text_en_us":"Starte neuen Onboarding Case","button-text_de_de":"","button-text_fr_fr":"","button-text_it_it":"","button-text_es_es":"","button-text_i18n-key":"","value":".","description":"","visible":true,"ignored":"","style-class":"","default-value":"","button-script":"{{example + 1}}","button-script-timer":"","rest-button-auto-execute":false,"rest-button-auto-execute-run":"","bordercolor":"#000000","label":"","label_en_us":"","label_de_de":"","label_fr_fr":"","label_it_it":"","label_es_es":"","label_i18n-key":"","button-alignment":"left","button-alignment-run":"","button-icon-url":"","button-icon-alignment":"right","button-tooltip":"","button-tooltip_en_us":"","button-tooltip_de_de":"","button-tooltip_fr_fr":"","button-tooltip_it_it":"","button-tooltip_es_es":"","button-tooltip_i18n-key":"","label-position":"top","tooltip":"","tooltip_en_us":"","tooltip_de_de":"","tooltip_fr_fr":"","tooltip_it_it":"","tooltip_es_es":"","tooltip_i18n-key":"","description_en_us":"","description_de_de":"","description_fr_fr":"","description_it_it":"","description_es_es":"","description_i18n-key":"","col-span":"1","ignored-run":"","visible-run":"","enabled":true,"enabled-run":"","documentation":"","custom-validations":"","custom-validations_en_us":"","custom-validations_de_de":"","custom-validations_fr_fr":"","custom-validations_it_it":"","custom-validations_es_es":"","custom-validations_i18n-key":"","id":"work-action1","width":"200","height":"","col":1,"col-align":"fill","col-weight":"","row":1,"row-align":"top","row-weight":"","size":3,"description-position":"bottom","description-align":"left","node-type":"","button-alignement":"","button-icon-alignement":"","actiondefinitionkey":"caseStartActionModel","actiondefinitionkey-run":"caseStartActionModel","scopedefinitionid":"","scopedefinitionid-run":"","scopeid":"","scopeid-run":"","scopetype":"","scopetype-run":"","send-full-payload":false,"send-full-scope":false,"sendpayloadmapping":"","map-full-response":false,"map-response-inside-scope":false,"responsepayloadmapping":"","navigationurl":"#/{{$route.currentAppId}}/{{$route.currentPageId}}/case/{{$response.executionPayload.id}}","navigationurl-run":"#/{{$route.currentAppId}}/{{$route.currentPageId}}/case/{{$response.executionPayload.id}}","permission-groups":[],"xmlTag":"workAction"},"ssextensions":[],"outgoing":[],"dockers":[],"labels":[{"styles":{"fill":"#000000","size":"12","italic":false,"bold":false},"ref":"label_text"},{"styles":{"fill":"#000000","size":"12","italic":false,"bold":false},"ref":"input_text"},{"styles":{"fill":"#000000","size":"12","italic":false,"bold":false},"ref":"desc_text"}]}],"bounds":{"lowerRight":{"x":944,"y":99},"upperLeft":{"x":25,"y":25}},"outputmappingproperties":{"custom-validations":{"type":"complex","placeholders":[]},"custom-validations_en_us":{"type":"complex","placeholders":[]},"custom-validations_de_de":{"type":"complex","placeholders":[]},"custom-validations_fr_fr":{"type":"complex","placeholders":[]},"custom-validations_it_it":{"type":"complex","placeholders":[]},"custom-validations_es_es":{"type":"complex","placeholders":[]}},"properties":{"stencilid":"cloud-tab-panel","stencilsuperid":"SubSlotPanel","stencilsuperids":["SubSlotPanel"],"customstencil":false,"bordercolor":"#000000","notes":"","label":"Control","label_en_us":"Control","label_de_de":"","label_fr_fr":"","label_it_it":"","label_es_es":"","label_i18n-key":"","label-position":"top","tooltip":"","tooltip_en_us":"","tooltip_de_de":"","tooltip_fr_fr":"","tooltip_it_it":"","tooltip_es_es":"","tooltip_i18n-key":"","value":"","default-value":"","description":"","description_en_us":"","description_de_de":"","description_fr_fr":"","description_it_it":"","description_es_es":"","description_i18n-key":"","col-span":"1","ignored":false,"ignored-run":"","visible":true,"visible-run":"","enabled":true,"enabled-run":"","required":false,"required-run":"","style-class":"","documentation":"","custom-validations":"","custom-validations_en_us":"","custom-validations_de_de":"","custom-validations_fr_fr":"","custom-validations_it_it":"","custom-validations_es_es":"","custom-validations_i18n-key":"","id":"tab-panel1","width":"200","height":"","col":1,"col-align":"fill","col-weight":"","row":1,"row-align":"top","row-weight":"","size":"","description-position":"bottom","description-align":"left","node-type":"","server-validation-url":"","server-validation-result-path":"","server-validation-result-message":"","server-validation-method":"GET","server-validation-body":"","xmlTag":"panel"},"ssextensions":[],"outgoing":[],"dockers":[]},{"resourceId":"tab-panel2","stencil":{"id":"SubSlotPanel"},"pathProperties":{"label":"label","label_en_us":"i18n.en_us.label","label_de_de":"i18n.de_de.label","label_fr_fr":"i18n.fr_fr.label","label_it_it":"i18n.it_it.label","label_es_es":"i18n.es_es.label","label_i18n-key":"label","label-position":"labelAlign","tooltip":"tooltip","tooltip_en_us":"i18n.en_us.tooltip","tooltip_de_de":"i18n.de_de.tooltip","tooltip_fr_fr":"i18n.fr_fr.tooltip","tooltip_it_it":"i18n.it_it.tooltip","tooltip_es_es":"i18n.es_es.tooltip","tooltip_i18n-key":"tooltip","value":"value","default-value":"defaultValue","description":"description","description_en_us":"i18n.en_us.description","description_de_de":"i18n.de_de.description","description_fr_fr":"i18n.fr_fr.description","description_it_it":"i18n.it_it.description","description_es_es":"i18n.es_es.description","description_i18n-key":"description","col-span":"size","ignored":"ignore","ignored-run":"ignore","visible":"visible","visible-run":"visible","enabled":"enabled","enabled-run":"enabled","required":"isRequired","required-run":"isRequired","style-class":"styleClass","custom-validations":"customValidations","custom-validations_en_us":"i18n.en_us.customValidations","custom-validations_de_de":"i18n.de_de.customValidations","custom-validations_fr_fr":"i18n.fr_fr.customValidations","custom-validations_it_it":"i18n.it_it.customValidations","custom-validations_es_es":"i18n.es_es.customValidations","custom-validations_i18n-key":"customValidations","id":"id","server-validation-url":"extraSettings.serverValidationUrl","server-validation-result-path":"extraSettings.serverValidationResultPath","server-validation-result-message":"extraSettings.serverValidationResultMessage","server-validation-method":"extraSettings.serverValidationMethod","server-validation-body":"extraSettings.serverValidationBody"},"xmlProperties":[],"childShapes":[{"resourceId":"work-chart1","stencil":{"id":"Component"},"pathProperties":{"label":"label","label_en_us":"i18n.en_us.label","label_de_de":"i18n.de_de.label","label_fr_fr":"i18n.fr_fr.label","label_it_it":"i18n.it_it.label","label_es_es":"i18n.es_es.label","label_i18n-key":"label","label-position":"labelAlign","tooltip":"tooltip","tooltip_en_us":"i18n.en_us.tooltip","tooltip_de_de":"i18n.de_de.tooltip","tooltip_fr_fr":"i18n.fr_fr.tooltip","tooltip_it_it":"i18n.it_it.tooltip","tooltip_es_es":"i18n.es_es.tooltip","tooltip_i18n-key":"tooltip","value":"value","default-value":"defaultValue","description":"description","description_en_us":"i18n.en_us.description","description_de_de":"i18n.de_de.description","description_fr_fr":"i18n.fr_fr.description","description_it_it":"i18n.it_it.description","description_es_es":"i18n.es_es.description","description_i18n-key":"description","col-span":"size","ignored":"ignore","ignored-run":"ignore","visible":"visible","visible-run":"visible","enabled":"enabled","enabled-run":"enabled","required":"isRequired","required-run":"isRequired","style-class":"styleClass","custom-validations":"customValidations","custom-validations_en_us":"i18n.en_us.customValidations","custom-validations_de_de":"i18n.de_de.customValidations","custom-validations_fr_fr":"i18n.fr_fr.customValidations","custom-validations_it_it":"i18n.it_it.customValidations","custom-validations_es_es":"i18n.es_es.customValidations","custom-validations_i18n-key":"customValidations","id":"id","feature":"extraSettings.feature","feature-run":"extraSettings.feature","filter":"extraSettings.filter","filter-run":"extraSettings.filter","fromdate":"extraSettings.from","fromdate-run":"extraSettings.from","todate":"extraSettings.to","todate-run":"extraSettings.to","subtype":"extraSettings.subtype","subtype-run":"extraSettings.subtype","groupby":"extraSettings.groupBy","groupby-run":"extraSettings.groupBy","reporttype":"extraSettings.reportType","reporttype-run":"extraSettings.reportType","calculate":"extraSettings.calculate","calculate-run":"extraSettings.calculate","scopedefinitionid":"extraSettings.scopeDefinitionId","scopedefinitionid-run":"extraSettings.scopeDefinitionId","scopedefinitionkey":"extraSettings.scopeDefinitionKey","scopedefinitionkey-run":"extraSettings.scopeDefinitionKey","showlegend":"extraSettings.showLegend","showlegend-run":"extraSettings.showLegend"},"xmlProperties":[],"childShapes":[],"bounds":{"lowerRight":{"x":905.8,"y":199},"upperLeft":{"x":15,"y":25}},"outputmappingproperties":{"custom-validations":{"type":"complex","placeholders":[]},"custom-validations_en_us":{"type":"complex","placeholders":[]},"custom-validations_de_de":{"type":"complex","placeholders":[]},"custom-validations_fr_fr":{"type":"complex","placeholders":[]},"custom-validations_it_it":{"type":"complex","placeholders":[]},"custom-validations_es_es":{"type":"complex","placeholders":[]}},"properties":{"stencilid":"work-chart","stencilsuperid":"Component","stencilsuperids":["Component"],"customstencil":false,"bordercolor":"#000000","notes":"","label":"Onboarding Charts","label_en_us":"Onboarding Charts","label_de_de":"","label_fr_fr":"","label_it_it":"","label_es_es":"","label_i18n-key":"","label-position":"top","tooltip":"","tooltip_en_us":"","tooltip_de_de":"","tooltip_fr_fr":"","tooltip_it_it":"","tooltip_es_es":"","tooltip_i18n-key":"","value":"","default-value":"","description":"","description_en_us":"","description_de_de":"","description_fr_fr":"","description_it_it":"","description_es_es":"","description_i18n-key":"","col-span":"1","ignored":false,"ignored-run":"","visible":true,"visible-run":"","enabled":true,"enabled-run":"","required":false,"required-run":"","style-class":"","documentation":"","custom-validations":"","custom-validations_en_us":"","custom-validations_de_de":"","custom-validations_fr_fr":"","custom-validations_it_it":"","custom-validations_es_es":"","custom-validations_i18n-key":"","id":"work-chart1","width":"200","height":"","col":1,"col-align":"fill","col-weight":"","row":1,"row-align":"top","row-weight":"","size":12,"description-position":"bottom","description-align":"left","node-type":"","feature":"case-instance","feature-run":"case-instance","filter":"created","filter-run":"","fromdate":"P-7D","fromdate-run":"P-7D","todate":"P1D","todate-run":"P1D","subtype":"barGraph","subtype-run":"barGraph","groupby":"day","groupby-run":"day","reporttype":"frequency","reporttype-run":"frequency","calculate":"","calculate-run":"","scopedefinitionid":"","scopedefinitionid-run":"","scopedefinitionkey":"","scopedefinitionkey-run":"","showlegend":true,"showlegend-run":"","xmlTag":"workChart"},"ssextensions":[],"outgoing":[],"dockers":[],"labels":[{"styles":{"fill":"#000000","size":"12","italic":false,"bold":false},"ref":"label_text"},{"styles":{"fill":"#000000","size":"12","italic":false,"bold":false},"ref":"input_text"},{"styles":{"fill":"#000000","size":"12","italic":false,"bold":false},"ref":"desc_text"}]}],"bounds":{"lowerRight":{"x":944,"y":100},"upperLeft":{"x":25,"y":25}},"outputmappingproperties":{"custom-validations":{"type":"complex","placeholders":[]},"custom-validations_en_us":{"type":"complex","placeholders":[]},"custom-validations_de_de":{"type":"complex","placeholders":[]},"custom-validations_fr_fr":{"type":"complex","placeholders":[]},"custom-validations_it_it":{"type":"complex","placeholders":[]},"custom-validations_es_es":{"type":"complex","placeholders":[]}},"properties":{"stencilid":"cloud-tab-panel","stencilsuperid":"SubSlotPanel","stencilsuperids":["SubSlotPanel"],"customstencil":false,"bordercolor":"#000000","notes":"","label":"Reports","label_en_us":"Reports","label_de_de":"","label_fr_fr":"","label_it_it":"","label_es_es":"","label_i18n-key":"","label-position":"top","tooltip":"","tooltip_en_us":"","tooltip_de_de":"","tooltip_fr_fr":"","tooltip_it_it":"","tooltip_es_es":"","tooltip_i18n-key":"","value":"","default-value":"","description":"","description_en_us":"","description_de_de":"","description_fr_fr":"","description_it_it":"","description_es_es":"","description_i18n-key":"","col-span":"1","ignored":false,"ignored-run":"","visible":true,"visible-run":"","enabled":true,"enabled-run":"","required":false,"required-run":"","style-class":"","documentation":"","custom-validations":"","custom-validations_en_us":"","custom-validations_de_de":"","custom-validations_fr_fr":"","custom-validations_it_it":"","custom-validations_es_es":"","custom-validations_i18n-key":"","id":"tab-panel2","width":"200","height":"","col":1,"col-align":"fill","col-weight":"","row":2,"row-align":"top","row-weight":"","size":"","description-position":"bottom","description-align":"left","node-type":"","server-validation-url":"","server-validation-result-path":"","server-validation-result-message":"","server-validation-method":"GET","server-validation-body":"","xmlTag":"panel"},"ssextensions":[],"outgoing":[],"dockers":[]},{"resourceId":"tab-panel3","stencil":{"id":"SubSlotPanel"},"pathProperties":{"label":"label","label_en_us":"i18n.en_us.label","label_de_de":"i18n.de_de.label","label_fr_fr":"i18n.fr_fr.label","label_it_it":"i18n.it_it.label","label_es_es":"i18n.es_es.label","label_i18n-key":"label","label-position":"labelAlign","tooltip":"tooltip","tooltip_en_us":"i18n.en_us.tooltip","tooltip_de_de":"i18n.de_de.tooltip","tooltip_fr_fr":"i18n.fr_fr.tooltip","tooltip_it_it":"i18n.it_it.tooltip","tooltip_es_es":"i18n.es_es.tooltip","tooltip_i18n-key":"tooltip","value":"value","default-value":"defaultValue","description":"description","description_en_us":"i18n.en_us.description","description_de_de":"i18n.de_de.description","description_fr_fr":"i18n.fr_fr.description","description_it_it":"i18n.it_it.description","description_es_es":"i18n.es_es.description","description_i18n-key":"description","col-span":"size","ignored":"ignore","ignored-run":"ignore","visible":"visible","visible-run":"visible","enabled":"enabled","enabled-run":"enabled","required":"isRequired","required-run":"isRequired","style-class":"styleClass","custom-validations":"customValidations","custom-validations_en_us":"i18n.en_us.customValidations","custom-validations_de_de":"i18n.de_de.customValidations","custom-validations_fr_fr":"i18n.fr_fr.customValidations","custom-validations_it_it":"i18n.it_it.customValidations","custom-validations_es_es":"i18n.es_es.customValidations","custom-validations_i18n-key":"customValidations","id":"id","server-validation-url":"extraSettings.serverValidationUrl","server-validation-result-path":"extraSettings.serverValidationResultPath","server-validation-result-message":"extraSettings.serverValidationResultMessage","server-validation-method":"extraSettings.serverValidationMethod","server-validation-body":"extraSettings.serverValidationBody"},"xmlProperties":[],"childShapes":[{"resourceId":"work-case-list1","stencil":{"id":"Component"},"pathProperties":{"label":"label","label_en_us":"i18n.en_us.label","label_de_de":"i18n.de_de.label","label_fr_fr":"i18n.fr_fr.label","label_it_it":"i18n.it_it.label","label_es_es":"i18n.es_es.label","label_i18n-key":"label","label-position":"labelAlign","tooltip":"tooltip","tooltip_en_us":"i18n.en_us.tooltip","tooltip_de_de":"i18n.de_de.tooltip","tooltip_fr_fr":"i18n.fr_fr.tooltip","tooltip_it_it":"i18n.it_it.tooltip","tooltip_es_es":"i18n.es_es.tooltip","tooltip_i18n-key":"tooltip","value":"value","default-value":"defaultValue","description":"description","description_en_us":"i18n.en_us.description","description_de_de":"i18n.de_de.description","description_fr_fr":"i18n.fr_fr.description","description_it_it":"i18n.it_it.description","description_es_es":"i18n.es_es.description","description_i18n-key":"description","col-span":"size","ignored":"ignore","ignored-run":"ignore","visible":"visible","visible-run":"visible","enabled":"enabled","enabled-run":"enabled","required":"isRequired","required-run":"isRequired","style-class":"styleClass","custom-validations":"customValidations","custom-validations_en_us":"i18n.en_us.customValidations","custom-validations_de_de":"i18n.de_de.customValidations","custom-validations_fr_fr":"i18n.fr_fr.customValidations","custom-validations_it_it":"i18n.it_it.customValidations","custom-validations_es_es":"i18n.es_es.customValidations","custom-validations_i18n-key":"customValidations","id":"id","filter-id":"extraSettings.filterId","filter-id-run":"extraSettings.filterId","scopedefinitionid":"extraSettings.scopeDefinitionId","scopedefinitionid-run":"extraSettings.scopeDefinitionId","scopedefinitionkey":"extraSettings.scopeDefinitionKey","scopedefinitionkey-run":"extraSettings.scopeDefinitionKey","style":"extraSettings.style","style-run":"extraSettings.style","max-height":"extraSettings.maxHeight","show-total":"extraSettings.showTotal","show-total-run":"extraSettings.showTotal","link-url":"extraSettings.linkUrl","query-url":"extraSettings.queryUrl"},"xmlProperties":[],"childShapes":[],"bounds":{"lowerRight":{"x":452.9,"y":101},"upperLeft":{"x":15,"y":25}},"outputmappingproperties":{"custom-validations":{"type":"complex","placeholders":[]},"custom-validations_en_us":{"type":"complex","placeholders":[]},"custom-validations_de_de":{"type":"complex","placeholders":[]},"custom-validations_fr_fr":{"type":"complex","placeholders":[]},"custom-validations_it_it":{"type":"complex","placeholders":[]},"custom-validations_es_es":{"type":"complex","placeholders":[]}},"properties":{"stencilid":"work-case-list","stencilsuperid":"Component","stencilsuperids":["Component"],"customstencil":false,"bordercolor":"#000000","notes":"","label":"Case list","label_en_us":"Case list","label_de_de":"","label_fr_fr":"","label_it_it":"","label_es_es":"","label_i18n-key":"","label-position":"top","tooltip":"","tooltip_en_us":"","tooltip_de_de":"","tooltip_fr_fr":"","tooltip_it_it":"","tooltip_es_es":"","tooltip_i18n-key":"","value":"","default-value":"","description":"","description_en_us":"","description_de_de":"","description_fr_fr":"","description_it_it":"","description_es_es":"","description_i18n-key":"","col-span":"1","ignored":false,"ignored-run":"","visible":true,"visible-run":"","enabled":true,"enabled-run":"","required":false,"required-run":"","style-class":"","documentation":"","custom-validations":"","custom-validations_en_us":"","custom-validations_de_de":"","custom-validations_fr_fr":"","custom-validations_it_it":"","custom-validations_es_es":"","custom-validations_i18n-key":"","id":"work-case-list1","width":"200","height":"","col":1,"col-align":"fill","col-weight":"","row":1,"row-align":"top","row-weight":"","size":6,"description-position":"bottom","description-align":"left","node-type":"","filter-id":"all","filter-id-run":"all","scopedefinitionid":"","scopedefinitionid-run":"","scopedefinitionkey":"onBoardingCase","scopedefinitionkey-run":"onBoardingCase","style":"wide","style-run":"wide","max-height":"300","show-total":"","show-total-run":"","link-url":"","query-url":"","xmlTag":"workCaseList"},"ssextensions":[],"outgoing":[],"dockers":[],"labels":[{"styles":{"fill":"#000000","size":"12","italic":false,"bold":false},"ref":"label_text"},{"styles":{"fill":"#000000","size":"12","italic":false,"bold":false},"ref":"input_text"},{"styles":{"fill":"#000000","size":"12","italic":false,"bold":false},"ref":"input_dependent_textitemlist_0"},{"styles":{"fill":"#000000","size":"12","italic":false,"bold":false},"ref":"input_dependent_textitemlist_1"},{"styles":{"fill":"#000000","size":"12","italic":false,"bold":false},"ref":"desc_text"}]},{"resourceId":"work-task-list1","stencil":{"id":"Component"},"pathProperties":{"label":"label","label_en_us":"i18n.en_us.label","label_de_de":"i18n.de_de.label","label_fr_fr":"i18n.fr_fr.label","label_it_it":"i18n.it_it.label","label_es_es":"i18n.es_es.label","label_i18n-key":"label","label-position":"labelAlign","tooltip":"tooltip","tooltip_en_us":"i18n.en_us.tooltip","tooltip_de_de":"i18n.de_de.tooltip","tooltip_fr_fr":"i18n.fr_fr.tooltip","tooltip_it_it":"i18n.it_it.tooltip","tooltip_es_es":"i18n.es_es.tooltip","tooltip_i18n-key":"tooltip","value":"value","default-value":"defaultValue","description":"description","description_en_us":"i18n.en_us.description","description_de_de":"i18n.de_de.description","description_fr_fr":"i18n.fr_fr.description","description_it_it":"i18n.it_it.description","description_es_es":"i18n.es_es.description","description_i18n-key":"description","col-span":"size","ignored":"ignore","ignored-run":"ignore","visible":"visible","visible-run":"visible","enabled":"enabled","enabled-run":"enabled","required":"isRequired","required-run":"isRequired","style-class":"styleClass","custom-validations":"customValidations","custom-validations_en_us":"i18n.en_us.customValidations","custom-validations_de_de":"i18n.de_de.customValidations","custom-validations_fr_fr":"i18n.fr_fr.customValidations","custom-validations_it_it":"i18n.it_it.customValidations","custom-validations_es_es":"i18n.es_es.customValidations","custom-validations_i18n-key":"customValidations","id":"id","filter-id":"extraSettings.filterId","filter-id-run":"extraSettings.filterId","scopedefinitionid":"extraSettings.scopeDefinitionId","scopedefinitionid-run":"extraSettings.scopeDefinitionId","scopedefinitionkey":"extraSettings.scopeDefinitionKey","scopedefinitionkey-run":"extraSettings.scopeDefinitionKey","style":"extraSettings.style","style-run":"extraSettings.style","max-height":"extraSettings.maxHeight","show-total":"extraSettings.showTotal","show-total-run":"extraSettings.showTotal","link-url":"extraSettings.linkUrl","query-url":"extraSettings.queryUrl"},"xmlProperties":[],"childShapes":[],"bounds":{"lowerRight":{"x":905.8,"y":101},"upperLeft":{"x":543.3833333333333,"y":25}},"outputmappingproperties":{"custom-validations":{"type":"complex","placeholders":[]},"custom-validations_en_us":{"type":"complex","placeholders":[]},"custom-validations_de_de":{"type":"complex","placeholders":[]},"custom-validations_fr_fr":{"type":"complex","placeholders":[]},"custom-validations_it_it":{"type":"complex","placeholders":[]},"custom-validations_es_es":{"type":"complex","placeholders":[]}},"properties":{"stencilid":"work-task-list","stencilsuperid":"Component","stencilsuperids":["Component"],"customstencil":false,"bordercolor":"#000000","notes":"","label":"Task list","label_en_us":"Task list","label_de_de":"","label_fr_fr":"","label_it_it":"","label_es_es":"","label_i18n-key":"","label-position":"top","tooltip":"","tooltip_en_us":"","tooltip_de_de":"","tooltip_fr_fr":"","tooltip_it_it":"","tooltip_es_es":"","tooltip_i18n-key":"","value":"","default-value":"","description":"","description_en_us":"","description_de_de":"","description_fr_fr":"","description_it_it":"","description_es_es":"","description_i18n-key":"","col-span":"1","ignored":false,"ignored-run":"","visible":true,"visible-run":"","enabled":true,"enabled-run":"","required":false,"required-run":"","style-class":"","documentation":"","custom-validations":"","custom-validations_en_us":"","custom-validations_de_de":"","custom-validations_fr_fr":"","custom-validations_it_it":"","custom-validations_es_es":"","custom-validations_i18n-key":"","id":"work-task-list1","width":"200","height":"","col":8,"col-align":"fill","col-weight":"","row":1,"row-align":"top","row-weight":"","size":5,"description-position":"bottom","description-align":"left","node-type":"","filter-id":"open","filter-id-run":"open","scopedefinitionid":"","scopedefinitionid-run":"","scopedefinitionkey":"","scopedefinitionkey-run":"","style":"wide","style-run":"wide","max-height":"300","show-total":"10","show-total-run":"10","link-url":"","query-url":"","xmlTag":"workTaskList"},"ssextensions":[],"outgoing":[],"dockers":[],"labels":[{"styles":{"fill":"#000000","size":"12","italic":false,"bold":false},"ref":"label_text"},{"styles":{"fill":"#000000","size":"12","italic":false,"bold":false},"ref":"input_text"},{"styles":{"fill":"#000000","size":"12","italic":false,"bold":false},"ref":"input_dependent_textitemlist_0"},{"styles":{"fill":"#000000","size":"12","italic":false,"bold":false},"ref":"input_dependent_textitemlist_1"},{"styles":{"fill":"#000000","size":"12","italic":false,"bold":false},"ref":"desc_text"}]}],"bounds":{"lowerRight":{"x":944,"y":151},"upperLeft":{"x":25,"y":25}},"outputmappingproperties":{"custom-validations":{"type":"complex","placeholders":[]},"custom-validations_en_us":{"type":"complex","placeholders":[]},"custom-validations_de_de":{"type":"complex","placeholders":[]},"custom-validations_fr_fr":{"type":"complex","placeholders":[]},"custom-validations_it_it":{"type":"complex","placeholders":[]},"custom-validations_es_es":{"type":"complex","placeholders":[]}},"properties":{"stencilid":"cloud-tab-panel","stencilsuperid":"SubSlotPanel","stencilsuperids":["SubSlotPanel"],"customstencil":false,"bordercolor":"#000000","notes":"","label":"Listen","label_en_us":"Listen","label_de_de":"","label_fr_fr":"","label_it_it":"","label_es_es":"","label_i18n-key":"","label-position":"top","tooltip":"","tooltip_en_us":"","tooltip_de_de":"","tooltip_fr_fr":"","tooltip_it_it":"","tooltip_es_es":"","tooltip_i18n-key":"","value":"","default-value":"","description":"","description_en_us":"","description_de_de":"","description_fr_fr":"","description_it_it":"","description_es_es":"","description_i18n-key":"","col-span":"1","ignored":false,"ignored-run":"","visible":true,"visible-run":"","enabled":true,"enabled-run":"","required":false,"required-run":"","style-class":"","documentation":"","custom-validations":"","custom-validations_en_us":"","custom-validations_de_de":"","custom-validations_fr_fr":"","custom-validations_it_it":"","custom-validations_es_es":"","custom-validations_i18n-key":"","id":"tab-panel3","width":"200","height":"","col":1,"col-align":"fill","col-weight":"","row":1,"row-align":"top","row-weight":"","size":"","description-position":"bottom","description-align":"left","node-type":"","server-validation-url":"","server-validation-result-path":"","server-validation-result-message":"","server-validation-method":"GET","server-validation-body":"","xmlTag":"panel"},"ssextensions":[],"outgoing":[],"dockers":[]}],"bounds":{"lowerRight":{"x":984,"y":149},"upperLeft":{"x":15,"y":25}},"outputmappingproperties":{"custom-validations":{"type":"complex","placeholders":[]},"custom-validations_en_us":{"type":"complex","placeholders":[]},"custom-validations_de_de":{"type":"complex","placeholders":[]},"custom-validations_fr_fr":{"type":"complex","placeholders":[]},"custom-validations_it_it":{"type":"complex","placeholders":[]},"custom-validations_es_es":{"type":"complex","placeholders":[]}},"properties":{"stencilid":"cloud-tabs","stencilsuperid":"Tabs","stencilsuperids":["Tabs"],"customstencil":false,"bordercolor":"#000000","notes":"","label":"","label_en_us":"","label_de_de":"","label_fr_fr":"","label_it_it":"","label_es_es":"","label_i18n-key":"","label-position":"top","tooltip":"","tooltip_en_us":"","tooltip_de_de":"","tooltip_fr_fr":"","tooltip_it_it":"","tooltip_es_es":"","tooltip_i18n-key":"","value":"","default-value":"","description":"","description_en_us":"","description_de_de":"","description_fr_fr":"","description_it_it":"","description_es_es":"","description_i18n-key":"","col-span":"1","ignored":false,"ignored-run":"","visible":true,"visible-run":"","enabled":true,"enabled-run":"","required":false,"required-run":"","style-class":"","documentation":"","custom-validations":"","custom-validations_en_us":"","custom-validations_de_de":"","custom-validations_fr_fr":"","custom-validations_it_it":"","custom-validations_es_es":"","custom-validations_i18n-key":"","id":"tabs1","width":"200","height":"","col":1,"col-align":"fill","col-weight":"","row":1,"row-align":"top","row-weight":"","size":12,"description-position":"bottom","description-align":"left","node-type":"","tabs-order":"[\"tab-panel1\",\"tab-panel2\",\"tab-panel3\"]","show-border":false,"xmlTag":"tabs"},"ssextensions":[],"outgoing":[],"dockers":[]}],"bounds":{"lowerRight":{"x":1049,"y":224},"upperLeft":{"x":50,"y":50}},"oldResourceId":"sid-8D9FC954-EB33-4C05-ADF0-5706EF50E974","properties":{"stencilid":"SlotPanel","stencilsuperid":"SlotPanel","stencilsuperids":["SlotPanel"],"customstencil":false,"id":"panel1","notes":"","width":"300"},"ssextensions":[],"outgoing":[],"dockers":[]}],"bounds":{"lowerRight":{"x":1485,"y":1050},"upperLeft":{"x":0,"y":0}},"outputmappingproperties":{"outcomes":{"type":"formlist","placeholders":[]},"datamodel":{"type":"complex","placeholders":[]},"custom-validations":{"type":"complex","placeholders":[]},"custom-validations_en_us":{"type":"complex","placeholders":[]},"custom-validations_de_de":{"type":"complex","placeholders":[]},"custom-validations_fr_fr":{"type":"complex","placeholders":[]},"custom-validations_it_it":{"type":"complex","placeholders":[]},"custom-validations_es_es":{"type":"complex","placeholders":[]}},"properties":{"stencilid":"XForm","stencilsuperid":"XForm","stencilsuperids":["XForm"],"customstencil":false,"id":"onBoardingPage","notes":"","name":"OnBoarding Page","guid":"PAGE_MODEL-00570b0b-c8d9-4071-ba44-bc0999a17655","creationdate":"2020-05-17T18:06:17.564Z","modificationdate":"2020-05-18T15:45:19.347Z","outcomes":"","outcomevariablename":"","datamodel":"","dialog-size":"","dialog-title":"","dialog-title_en_us":"","dialog-title_de_de":"","dialog-title_fr_fr":"","dialog-title_it_it":"","dialog-title_es_es":"","dialog-title_i18n-key":"","dialog-description":"","force-validation":"","custom-validations":"","custom-validations_en_us":"","custom-validations_de_de":"","custom-validations_fr_fr":"","custom-validations_it_it":"","custom-validations_es_es":"","custom-validations_i18n-key":"","description":""},"ssextensions":[],"stencilset":{"url":"./app/editor_stencilset","paletteKey":"flowable-page-palette","namespace":"http://b3mn.org/stencilset/pages#"}}}