{"id":"FORM_MODEL-df198723-65ef-4540-b5ea-51aa67fc96b2","name":"Test Form","key":"testForm","description":"","tenantId":"default","editorJson":{"resourceId":"editor_FORM_MODEL-df198723-65ef-4540-b5ea-51aa67fc96b2","stencil":{"id":"XForm"},"pathProperties":{"outcomes":"outcomes","outcomevariablename":"outcomeVariableName","datamodel":"dataModel","dialog-size":"dialogSize","dialog-title":"dialogTitle","dialog-title_en_us":"i18n.en_us.dialogTitle","dialog-title_de_de":"i18n.de_de.dialogTitle","dialog-title_fr_fr":"i18n.fr_fr.dialogTitle","dialog-title_it_it":"i18n.it_it.dialogTitle","dialog-title_es_es":"i18n.es_es.dialogTitle","dialog-title_i18n-key":"dialogTitle","dialog-description":"dialogDescription","force-validation":"forceValidation","custom-validations":"customValidations","custom-validations_en_us":"i18n.en_us.customValidations","custom-validations_de_de":"i18n.de_de.customValidations","custom-validations_fr_fr":"i18n.fr_fr.customValidations","custom-validations_it_it":"i18n.it_it.customValidations","custom-validations_es_es":"i18n.es_es.customValidations","custom-validations_i18n-key":"customValidations"},"xmlProperties":[],"childShapes":[{"resourceId":"panel1","stencil":{"id":"SlotPanel"},"pathProperties":{"id":"id"},"xmlProperties":[],"childShapes":[{"resourceId":"checkbox2","stencil":{"id":"base-checkbox"},"pathProperties":{"placeholder":"placeholder","placeholder_en_us":"i18n.en_us.placeholder","placeholder_de_de":"i18n.de_de.placeholder","placeholder_fr_fr":"i18n.fr_fr.placeholder","placeholder_it_it":"i18n.it_it.placeholder","placeholder_es_es":"i18n.es_es.placeholder","placeholder_i18n-key":"placeholder","label-position":"labelAlign","tooltip":"tooltip","tooltip_en_us":"i18n.en_us.tooltip","tooltip_de_de":"i18n.de_de.tooltip","tooltip_fr_fr":"i18n.fr_fr.tooltip","tooltip_it_it":"i18n.it_it.tooltip","tooltip_es_es":"i18n.es_es.tooltip","tooltip_i18n-key":"tooltip","value":"value","default-value":"defaultValue","description":"description","description_en_us":"i18n.en_us.description","description_de_de":"i18n.de_de.description","description_fr_fr":"i18n.fr_fr.description","description_it_it":"i18n.it_it.description","description_es_es":"i18n.es_es.description","description_i18n-key":"description","col-span":"size","ignored":"ignore","ignored-run":"ignore","visible":"visible","visible-run":"visible","enabled":"enabled","enabled-run":"enabled","required":"isRequired","required-run":"isRequired","style-class":"styleClass","custom-validations":"customValidations","custom-validations_en_us":"i18n.en_us.customValidations","custom-validations_de_de":"i18n.de_de.customValidations","custom-validations_fr_fr":"i18n.fr_fr.customValidations","custom-validations_it_it":"i18n.it_it.customValidations","custom-validations_es_es":"i18n.es_es.customValidations","custom-validations_i18n-key":"customValidations","label":"label","label_en_us":"i18n.en_us.label","label_de_de":"i18n.de_de.label","label_fr_fr":"i18n.fr_fr.label","label_it_it":"i18n.it_it.label","label_es_es":"i18n.es_es.label","label_i18n-key":"label","id":"id","node-type":"type","default-value-run":"defaultValue"},"xmlProperties":[],"childShapes":[],"bounds":{"lowerRight":{"x":984,"y":73},"upperLeft":{"x":507,"y":25}},"outputmappingproperties":{"custom-validations":{"type":"complex","placeholders":[]},"custom-validations_en_us":{"type":"complex","placeholders":[]},"custom-validations_de_de":{"type":"complex","placeholders":[]},"custom-validations_fr_fr":{"type":"complex","placeholders":[]},"custom-validations_it_it":{"type":"complex","placeholders":[]},"custom-validations_es_es":{"type":"complex","placeholders":[]}},"properties":{"stencilid":"cloud-checkbox","stencilsuperid":"base-checkbox","stencilsuperids":["base-checkbox"],"customstencil":false,"bordercolor":"#000000","notes":"","placeholder":"","placeholder_en_us":"","placeholder_de_de":"","placeholder_fr_fr":"","placeholder_it_it":"","placeholder_es_es":"","placeholder_i18n-key":"","label-position":"top","tooltip":"","tooltip_en_us":"","tooltip_de_de":"","tooltip_fr_fr":"","tooltip_it_it":"","tooltip_es_es":"","tooltip_i18n-key":"","value":"{{gegenpartei.prospect}}","default-value":false,"description":"","description_en_us":"","description_de_de":"","description_fr_fr":"","description_it_it":"","description_es_es":"","description_i18n-key":"","col-span":"1","ignored":false,"ignored-run":"","visible":true,"visible-run":"","enabled":true,"enabled-run":"","required":false,"required-run":"","style-class":"","documentation":"","custom-validations":"","custom-validations_en_us":"","custom-validations_de_de":"","custom-validations_fr_fr":"","custom-validations_it_it":"","custom-validations_es_es":"","custom-validations_i18n-key":"","label":"prospect","label_en_us":"prospect","label_de_de":"","label_fr_fr":"","label_it_it":"","label_es_es":"","label_i18n-key":"","id":"checkbox2","width":"200","height":"","col":7,"col-align":"fill","col-weight":"","row":1,"row-align":"top","row-weight":"","size":6,"description-position":"bottom","description-align":"left","node-type":"boolean","default-value-run":"","xmlTag":"boolean"},"ssextensions":[],"outgoing":[],"dockers":[],"labels":[{"styles":{"fill":"#000000","size":"12","italic":false,"bold":false},"ref":"label_text"},{"styles":{"fill":"#000000","size":"12","italic":false,"bold":false},"ref":"input_text"},{"styles":{"fill":"#000000","size":"12","italic":false,"bold":false},"ref":"input_dependent_text"},{"styles":{"fill":"#000000","size":"12","italic":false,"bold":false},"ref":"desc_text"}]},{"resourceId":"text11","stencil":{"id":"base-text"},"pathProperties":{"min-length":"extraSettings.minLength","min-length-run":"extraSettings.minLength","min-length-error-msg":"minLengthErrorMessage","min-length-error-msg_en_us":"i18n.en_us.minLengthErrorMessage","min-length-error-msg_de_de":"i18n.de_de.minLengthErrorMessage","min-length-error-msg_fr_fr":"i18n.fr_fr.minLengthErrorMessage","min-length-error-msg_it_it":"i18n.it_it.minLengthErrorMessage","min-length-error-msg_es_es":"i18n.es_es.minLengthErrorMessage","min-length-error-msg_i18n-key":"minLengthErrorMessage","max-length":"extraSettings.maxLength","max-length-run":"extraSettings.maxLength","max-length-error-msg":"maxLengthErrorMessage","max-length-error-msg_en_us":"i18n.en_us.maxLengthErrorMessage","max-length-error-msg_de_de":"i18n.de_de.maxLengthErrorMessage","max-length-error-msg_fr_fr":"i18n.fr_fr.maxLengthErrorMessage","max-length-error-msg_it_it":"i18n.it_it.maxLengthErrorMessage","max-length-error-msg_es_es":"i18n.es_es.maxLengthErrorMessage","max-length-error-msg_i18n-key":"maxLengthErrorMessage","placeholder":"placeholder","placeholder_en_us":"i18n.en_us.placeholder","placeholder_de_de":"i18n.de_de.placeholder","placeholder_fr_fr":"i18n.fr_fr.placeholder","placeholder_it_it":"i18n.it_it.placeholder","placeholder_es_es":"i18n.es_es.placeholder","placeholder_i18n-key":"placeholder","label-position":"labelAlign","tooltip":"tooltip","tooltip_en_us":"i18n.en_us.tooltip","tooltip_de_de":"i18n.de_de.tooltip","tooltip_fr_fr":"i18n.fr_fr.tooltip","tooltip_it_it":"i18n.it_it.tooltip","tooltip_es_es":"i18n.es_es.tooltip","tooltip_i18n-key":"tooltip","value":"value","default-value":"defaultValue","description":"description","description_en_us":"i18n.en_us.description","description_de_de":"i18n.de_de.description","description_fr_fr":"i18n.fr_fr.description","description_it_it":"i18n.it_it.description","description_es_es":"i18n.es_es.description","description_i18n-key":"description","col-span":"size","ignored":"ignore","ignored-run":"ignore","visible":"visible","visible-run":"visible","enabled":"enabled","enabled-run":"enabled","required":"isRequired","required-run":"isRequired","style-class":"styleClass","custom-validations":"customValidations","custom-validations_en_us":"i18n.en_us.customValidations","custom-validations_de_de":"i18n.de_de.customValidations","custom-validations_fr_fr":"i18n.fr_fr.customValidations","custom-validations_it_it":"i18n.it_it.customValidations","custom-validations_es_es":"i18n.es_es.customValidations","custom-validations_i18n-key":"customValidations","label":"label","label_en_us":"i18n.en_us.label","label_de_de":"i18n.de_de.label","label_fr_fr":"i18n.fr_fr.label","label_it_it":"i18n.it_it.label","label_es_es":"i18n.es_es.label","label_i18n-key":"label","id":"id","validation-regexp":"validationRegExp","validation-regexp-error-msg":"validationRegExpErrorMessage","validation-regexp-error-msg_en_us":"i18n.en_us.validationRegExpErrorMessage","validation-regexp-error-msg_de_de":"i18n.de_de.validationRegExpErrorMessage","validation-regexp-error-msg_fr_fr":"i18n.fr_fr.validationRegExpErrorMessage","validation-regexp-error-msg_it_it":"i18n.it_it.validationRegExpErrorMessage","validation-regexp-error-msg_es_es":"i18n.es_es.validationRegExpErrorMessage","validation-regexp-error-msg_i18n-key":"validationRegExpErrorMessage","validation-mask":"validationMask","validation-mask-error-msg":"validationMaskErrorMessage","validation-mask-error-msg_en_us":"i18n.en_us.validationMaskErrorMessage","validation-mask-error-msg_de_de":"i18n.de_de.validationMaskErrorMessage","validation-mask-error-msg_fr_fr":"i18n.fr_fr.validationMaskErrorMessage","validation-mask-error-msg_it_it":"i18n.it_it.validationMaskErrorMessage","validation-mask-error-msg_es_es":"i18n.es_es.validationMaskErrorMessage","validation-mask-error-msg_i18n-key":"validationMaskErrorMessage"},"xmlProperties":["min-length","min-length-run","min-length-error-msg","min-length-error-msg_en_us","min-length-error-msg_de_de","min-length-error-msg_fr_fr","min-length-error-msg_it_it","min-length-error-msg_es_es","min-length-error-msg_i18n-key","validation-regexp","validation-regexp-error-msg","validation-regexp-error-msg_en_us","validation-regexp-error-msg_de_de","validation-regexp-error-msg_fr_fr","validation-regexp-error-msg_it_it","validation-regexp-error-msg_es_es","validation-regexp-error-msg_i18n-key","validation-mask","validation-mask-error-msg","validation-mask-error-msg_en_us","validation-mask-error-msg_de_de","validation-mask-error-msg_fr_fr","validation-mask-error-msg_it_it","validation-mask-error-msg_es_es","validation-mask-error-msg_i18n-key"],"childShapes":[],"bounds":{"lowerRight":{"x":492,"y":73},"upperLeft":{"x":15,"y":25}},"outputmappingproperties":{"custom-validations":{"type":"complex","placeholders":[]},"custom-validations_en_us":{"type":"complex","placeholders":[]},"custom-validations_de_de":{"type":"complex","placeholders":[]},"custom-validations_fr_fr":{"type":"complex","placeholders":[]},"custom-validations_it_it":{"type":"complex","placeholders":[]},"custom-validations_es_es":{"type":"complex","placeholders":[]}},"properties":{"stencilid":"cloud-text","stencilsuperid":"base-text","stencilsuperids":["base-text"],"customstencil":false,"bordercolor":"#000000","notes":"","min-length":"","min-length-run":"","min-length-error-msg":"","min-length-error-msg_en_us":"","min-length-error-msg_de_de":"","min-length-error-msg_fr_fr":"","min-length-error-msg_it_it":"","min-length-error-msg_es_es":"","min-length-error-msg_i18n-key":"","max-length":"","max-length-run":"","max-length-error-msg":"","max-length-error-msg_en_us":"","max-length-error-msg_de_de":"","max-length-error-msg_fr_fr":"","max-length-error-msg_it_it":"","max-length-error-msg_es_es":"","max-length-error-msg_i18n-key":"","placeholder":"","placeholder_en_us":"","placeholder_de_de":"","placeholder_fr_fr":"","placeholder_it_it":"","placeholder_es_es":"","placeholder_i18n-key":"","label-position":"top","tooltip":"","tooltip_en_us":"","tooltip_de_de":"","tooltip_fr_fr":"","tooltip_it_it":"","tooltip_es_es":"","tooltip_i18n-key":"","value":"{{gegenpartei.bezeichnung}}","default-value":"","description":"","description_en_us":"","description_de_de":"","description_fr_fr":"","description_it_it":"","description_es_es":"","description_i18n-key":"","col-span":"1","ignored":false,"ignored-run":"","visible":true,"visible-run":"","enabled":true,"enabled-run":"","required":false,"required-run":"","style-class":"","documentation":"","custom-validations":"","custom-validations_en_us":"","custom-validations_de_de":"","custom-validations_fr_fr":"","custom-validations_it_it":"","custom-validations_es_es":"","custom-validations_i18n-key":"","label":"bezeichnung","label_en_us":"bezeichnung","label_de_de":"","label_fr_fr":"","label_it_it":"","label_es_es":"","label_i18n-key":"","id":"text11","width":"200","height":"","col":1,"col-align":"fill","col-weight":"","row":1,"row-align":"top","row-weight":"","size":6,"description-position":"bottom","description-align":"left","node-type":"","validation-regexp":"","validation-regexp-error-msg":"","validation-regexp-error-msg_en_us":"","validation-regexp-error-msg_de_de":"","validation-regexp-error-msg_fr_fr":"","validation-regexp-error-msg_it_it":"","validation-regexp-error-msg_es_es":"","validation-regexp-error-msg_i18n-key":"","validation-mask":"","validation-mask-error-msg":"","validation-mask-error-msg_en_us":"","validation-mask-error-msg_de_de":"","validation-mask-error-msg_fr_fr":"","validation-mask-error-msg_it_it":"","validation-mask-error-msg_es_es":"","validation-mask-error-msg_i18n-key":"","xmlTag":"text"},"ssextensions":[],"outgoing":[],"dockers":[],"labels":[{"styles":{"fill":"#000000","size":"12","italic":false,"bold":false},"ref":"label_text"},{"styles":{"fill":"#000000","size":"12","italic":false,"bold":false},"ref":"input_text"},{"styles":{"fill":"#000000","size":"12","italic":false,"bold":false},"ref":"desc_text"}]},{"resourceId":"text12","stencil":{"id":"base-text"},"pathProperties":{"min-length":"extraSettings.minLength","min-length-run":"extraSettings.minLength","min-length-error-msg":"minLengthErrorMessage","min-length-error-msg_en_us":"i18n.en_us.minLengthErrorMessage","min-length-error-msg_de_de":"i18n.de_de.minLengthErrorMessage","min-length-error-msg_fr_fr":"i18n.fr_fr.minLengthErrorMessage","min-length-error-msg_it_it":"i18n.it_it.minLengthErrorMessage","min-length-error-msg_es_es":"i18n.es_es.minLengthErrorMessage","min-length-error-msg_i18n-key":"minLengthErrorMessage","max-length":"extraSettings.maxLength","max-length-run":"extraSettings.maxLength","max-length-error-msg":"maxLengthErrorMessage","max-length-error-msg_en_us":"i18n.en_us.maxLengthErrorMessage","max-length-error-msg_de_de":"i18n.de_de.maxLengthErrorMessage","max-length-error-msg_fr_fr":"i18n.fr_fr.maxLengthErrorMessage","max-length-error-msg_it_it":"i18n.it_it.maxLengthErrorMessage","max-length-error-msg_es_es":"i18n.es_es.maxLengthErrorMessage","max-length-error-msg_i18n-key":"maxLengthErrorMessage","placeholder":"placeholder","placeholder_en_us":"i18n.en_us.placeholder","placeholder_de_de":"i18n.de_de.placeholder","placeholder_fr_fr":"i18n.fr_fr.placeholder","placeholder_it_it":"i18n.it_it.placeholder","placeholder_es_es":"i18n.es_es.placeholder","placeholder_i18n-key":"placeholder","label-position":"labelAlign","tooltip":"tooltip","tooltip_en_us":"i18n.en_us.tooltip","tooltip_de_de":"i18n.de_de.tooltip","tooltip_fr_fr":"i18n.fr_fr.tooltip","tooltip_it_it":"i18n.it_it.tooltip","tooltip_es_es":"i18n.es_es.tooltip","tooltip_i18n-key":"tooltip","value":"value","default-value":"defaultValue","description":"description","description_en_us":"i18n.en_us.description","description_de_de":"i18n.de_de.description","description_fr_fr":"i18n.fr_fr.description","description_it_it":"i18n.it_it.description","description_es_es":"i18n.es_es.description","description_i18n-key":"description","col-span":"size","ignored":"ignore","ignored-run":"ignore","visible":"visible","visible-run":"visible","enabled":"enabled","enabled-run":"enabled","required":"isRequired","required-run":"isRequired","style-class":"styleClass","custom-validations":"customValidations","custom-validations_en_us":"i18n.en_us.customValidations","custom-validations_de_de":"i18n.de_de.customValidations","custom-validations_fr_fr":"i18n.fr_fr.customValidations","custom-validations_it_it":"i18n.it_it.customValidations","custom-validations_es_es":"i18n.es_es.customValidations","custom-validations_i18n-key":"customValidations","label":"label","label_en_us":"i18n.en_us.label","label_de_de":"i18n.de_de.label","label_fr_fr":"i18n.fr_fr.label","label_it_it":"i18n.it_it.label","label_es_es":"i18n.es_es.label","label_i18n-key":"label","id":"id","validation-regexp":"validationRegExp","validation-regexp-error-msg":"validationRegExpErrorMessage","validation-regexp-error-msg_en_us":"i18n.en_us.validationRegExpErrorMessage","validation-regexp-error-msg_de_de":"i18n.de_de.validationRegExpErrorMessage","validation-regexp-error-msg_fr_fr":"i18n.fr_fr.validationRegExpErrorMessage","validation-regexp-error-msg_it_it":"i18n.it_it.validationRegExpErrorMessage","validation-regexp-error-msg_es_es":"i18n.es_es.validationRegExpErrorMessage","validation-regexp-error-msg_i18n-key":"validationRegExpErrorMessage","validation-mask":"validationMask","validation-mask-error-msg":"validationMaskErrorMessage","validation-mask-error-msg_en_us":"i18n.en_us.validationMaskErrorMessage","validation-mask-error-msg_de_de":"i18n.de_de.validationMaskErrorMessage","validation-mask-error-msg_fr_fr":"i18n.fr_fr.validationMaskErrorMessage","validation-mask-error-msg_it_it":"i18n.it_it.validationMaskErrorMessage","validation-mask-error-msg_es_es":"i18n.es_es.validationMaskErrorMessage","validation-mask-error-msg_i18n-key":"validationMaskErrorMessage"},"xmlProperties":["min-length","min-length-run","min-length-error-msg","min-length-error-msg_en_us","min-length-error-msg_de_de","min-length-error-msg_fr_fr","min-length-error-msg_it_it","min-length-error-msg_es_es","min-length-error-msg_i18n-key","validation-regexp","validation-regexp-error-msg","validation-regexp-error-msg_en_us","validation-regexp-error-msg_de_de","validation-regexp-error-msg_fr_fr","validation-regexp-error-msg_it_it","validation-regexp-error-msg_es_es","validation-regexp-error-msg_i18n-key","validation-mask","validation-mask-error-msg","validation-mask-error-msg_en_us","validation-mask-error-msg_de_de","validation-mask-error-msg_fr_fr","validation-mask-error-msg_it_it","validation-mask-error-msg_es_es","validation-mask-error-msg_i18n-key"],"childShapes":[],"bounds":{"lowerRight":{"x":492,"y":146},"upperLeft":{"x":15,"y":98}},"outputmappingproperties":{"custom-validations":{"type":"complex","placeholders":[]},"custom-validations_en_us":{"type":"complex","placeholders":[]},"custom-validations_de_de":{"type":"complex","placeholders":[]},"custom-validations_fr_fr":{"type":"complex","placeholders":[]},"custom-validations_it_it":{"type":"complex","placeholders":[]},"custom-validations_es_es":{"type":"complex","placeholders":[]}},"properties":{"stencilid":"cloud-text","stencilsuperid":"base-text","stencilsuperids":["base-text"],"customstencil":false,"bordercolor":"#000000","notes":"","min-length":"","min-length-run":"","min-length-error-msg":"","min-length-error-msg_en_us":"","min-length-error-msg_de_de":"","min-length-error-msg_fr_fr":"","min-length-error-msg_it_it":"","min-length-error-msg_es_es":"","min-length-error-msg_i18n-key":"","max-length":"","max-length-run":"","max-length-error-msg":"","max-length-error-msg_en_us":"","max-length-error-msg_de_de":"","max-length-error-msg_fr_fr":"","max-length-error-msg_it_it":"","max-length-error-msg_es_es":"","max-length-error-msg_i18n-key":"","placeholder":"","placeholder_en_us":"","placeholder_de_de":"","placeholder_fr_fr":"","placeholder_it_it":"","placeholder_es_es":"","placeholder_i18n-key":"","label-position":"top","tooltip":"","tooltip_en_us":"","tooltip_de_de":"","tooltip_fr_fr":"","tooltip_it_it":"","tooltip_es_es":"","tooltip_i18n-key":"","value":"{{gegenpartei.referenzId}}","default-value":"","description":"","description_en_us":"","description_de_de":"","description_fr_fr":"","description_it_it":"","description_es_es":"","description_i18n-key":"","col-span":"1","ignored":false,"ignored-run":"","visible":true,"visible-run":"","enabled":true,"enabled-run":"","required":false,"required-run":"","style-class":"","documentation":"","custom-validations":"","custom-validations_en_us":"","custom-validations_de_de":"","custom-validations_fr_fr":"","custom-validations_it_it":"","custom-validations_es_es":"","custom-validations_i18n-key":"","label":"referenzId","label_en_us":"referenzId","label_de_de":"","label_fr_fr":"","label_it_it":"","label_es_es":"","label_i18n-key":"","id":"text12","width":"200","height":"","col":1,"col-align":"fill","col-weight":"","row":2,"row-align":"top","row-weight":"","size":6,"description-position":"bottom","description-align":"left","node-type":"","validation-regexp":"","validation-regexp-error-msg":"","validation-regexp-error-msg_en_us":"","validation-regexp-error-msg_de_de":"","validation-regexp-error-msg_fr_fr":"","validation-regexp-error-msg_it_it":"","validation-regexp-error-msg_es_es":"","validation-regexp-error-msg_i18n-key":"","validation-mask":"","validation-mask-error-msg":"","validation-mask-error-msg_en_us":"","validation-mask-error-msg_de_de":"","validation-mask-error-msg_fr_fr":"","validation-mask-error-msg_it_it":"","validation-mask-error-msg_es_es":"","validation-mask-error-msg_i18n-key":"","xmlTag":"text"},"ssextensions":[],"outgoing":[],"dockers":[],"labels":[{"styles":{"fill":"#000000","size":"12","italic":false,"bold":false},"ref":"label_text"},{"styles":{"fill":"#000000","size":"12","italic":false,"bold":false},"ref":"input_text"},{"styles":{"fill":"#000000","size":"12","italic":false,"bold":false},"ref":"desc_text"}]},{"resourceId":"text13","stencil":{"id":"base-text"},"pathProperties":{"min-length":"extraSettings.minLength","min-length-run":"extraSettings.minLength","min-length-error-msg":"minLengthErrorMessage","min-length-error-msg_en_us":"i18n.en_us.minLengthErrorMessage","min-length-error-msg_de_de":"i18n.de_de.minLengthErrorMessage","min-length-error-msg_fr_fr":"i18n.fr_fr.minLengthErrorMessage","min-length-error-msg_it_it":"i18n.it_it.minLengthErrorMessage","min-length-error-msg_es_es":"i18n.es_es.minLengthErrorMessage","min-length-error-msg_i18n-key":"minLengthErrorMessage","max-length":"extraSettings.maxLength","max-length-run":"extraSettings.maxLength","max-length-error-msg":"maxLengthErrorMessage","max-length-error-msg_en_us":"i18n.en_us.maxLengthErrorMessage","max-length-error-msg_de_de":"i18n.de_de.maxLengthErrorMessage","max-length-error-msg_fr_fr":"i18n.fr_fr.maxLengthErrorMessage","max-length-error-msg_it_it":"i18n.it_it.maxLengthErrorMessage","max-length-error-msg_es_es":"i18n.es_es.maxLengthErrorMessage","max-length-error-msg_i18n-key":"maxLengthErrorMessage","placeholder":"placeholder","placeholder_en_us":"i18n.en_us.placeholder","placeholder_de_de":"i18n.de_de.placeholder","placeholder_fr_fr":"i18n.fr_fr.placeholder","placeholder_it_it":"i18n.it_it.placeholder","placeholder_es_es":"i18n.es_es.placeholder","placeholder_i18n-key":"placeholder","label-position":"labelAlign","tooltip":"tooltip","tooltip_en_us":"i18n.en_us.tooltip","tooltip_de_de":"i18n.de_de.tooltip","tooltip_fr_fr":"i18n.fr_fr.tooltip","tooltip_it_it":"i18n.it_it.tooltip","tooltip_es_es":"i18n.es_es.tooltip","tooltip_i18n-key":"tooltip","value":"value","default-value":"defaultValue","description":"description","description_en_us":"i18n.en_us.description","description_de_de":"i18n.de_de.description","description_fr_fr":"i18n.fr_fr.description","description_it_it":"i18n.it_it.description","description_es_es":"i18n.es_es.description","description_i18n-key":"description","col-span":"size","ignored":"ignore","ignored-run":"ignore","visible":"visible","visible-run":"visible","enabled":"enabled","enabled-run":"enabled","required":"isRequired","required-run":"isRequired","style-class":"styleClass","custom-validations":"customValidations","custom-validations_en_us":"i18n.en_us.customValidations","custom-validations_de_de":"i18n.de_de.customValidations","custom-validations_fr_fr":"i18n.fr_fr.customValidations","custom-validations_it_it":"i18n.it_it.customValidations","custom-validations_es_es":"i18n.es_es.customValidations","custom-validations_i18n-key":"customValidations","label":"label","label_en_us":"i18n.en_us.label","label_de_de":"i18n.de_de.label","label_fr_fr":"i18n.fr_fr.label","label_it_it":"i18n.it_it.label","label_es_es":"i18n.es_es.label","label_i18n-key":"label","id":"id","validation-regexp":"validationRegExp","validation-regexp-error-msg":"validationRegExpErrorMessage","validation-regexp-error-msg_en_us":"i18n.en_us.validationRegExpErrorMessage","validation-regexp-error-msg_de_de":"i18n.de_de.validationRegExpErrorMessage","validation-regexp-error-msg_fr_fr":"i18n.fr_fr.validationRegExpErrorMessage","validation-regexp-error-msg_it_it":"i18n.it_it.validationRegExpErrorMessage","validation-regexp-error-msg_es_es":"i18n.es_es.validationRegExpErrorMessage","validation-regexp-error-msg_i18n-key":"validationRegExpErrorMessage","validation-mask":"validationMask","validation-mask-error-msg":"validationMaskErrorMessage","validation-mask-error-msg_en_us":"i18n.en_us.validationMaskErrorMessage","validation-mask-error-msg_de_de":"i18n.de_de.validationMaskErrorMessage","validation-mask-error-msg_fr_fr":"i18n.fr_fr.validationMaskErrorMessage","validation-mask-error-msg_it_it":"i18n.it_it.validationMaskErrorMessage","validation-mask-error-msg_es_es":"i18n.es_es.validationMaskErrorMessage","validation-mask-error-msg_i18n-key":"validationMaskErrorMessage"},"xmlProperties":["min-length","min-length-run","min-length-error-msg","min-length-error-msg_en_us","min-length-error-msg_de_de","min-length-error-msg_fr_fr","min-length-error-msg_it_it","min-length-error-msg_es_es","min-length-error-msg_i18n-key","validation-regexp","validation-regexp-error-msg","validation-regexp-error-msg_en_us","validation-regexp-error-msg_de_de","validation-regexp-error-msg_fr_fr","validation-regexp-error-msg_it_it","validation-regexp-error-msg_es_es","validation-regexp-error-msg_i18n-key","validation-mask","validation-mask-error-msg","validation-mask-error-msg_en_us","validation-mask-error-msg_de_de","validation-mask-error-msg_fr_fr","validation-mask-error-msg_it_it","validation-mask-error-msg_es_es","validation-mask-error-msg_i18n-key"],"childShapes":[],"bounds":{"lowerRight":{"x":738,"y":146},"upperLeft":{"x":507,"y":98}},"outputmappingproperties":{"custom-validations":{"type":"complex","placeholders":[]},"custom-validations_en_us":{"type":"complex","placeholders":[]},"custom-validations_de_de":{"type":"complex","placeholders":[]},"custom-validations_fr_fr":{"type":"complex","placeholders":[]},"custom-validations_it_it":{"type":"complex","placeholders":[]},"custom-validations_es_es":{"type":"complex","placeholders":[]}},"properties":{"stencilid":"cloud-text","stencilsuperid":"base-text","stencilsuperids":["base-text"],"customstencil":false,"bordercolor":"#000000","notes":"","min-length":"","min-length-run":"","min-length-error-msg":"","min-length-error-msg_en_us":"","min-length-error-msg_de_de":"","min-length-error-msg_fr_fr":"","min-length-error-msg_it_it":"","min-length-error-msg_es_es":"","min-length-error-msg_i18n-key":"","max-length":"","max-length-run":"","max-length-error-msg":"","max-length-error-msg_en_us":"","max-length-error-msg_de_de":"","max-length-error-msg_fr_fr":"","max-length-error-msg_it_it":"","max-length-error-msg_es_es":"","max-length-error-msg_i18n-key":"","placeholder":"","placeholder_en_us":"","placeholder_de_de":"","placeholder_fr_fr":"","placeholder_it_it":"","placeholder_es_es":"","placeholder_i18n-key":"","label-position":"top","tooltip":"","tooltip_en_us":"","tooltip_de_de":"","tooltip_fr_fr":"","tooltip_it_it":"","tooltip_es_es":"","tooltip_i18n-key":"","value":"{{gegenpartei.code}}","default-value":"","description":"","description_en_us":"","description_de_de":"","description_fr_fr":"","description_it_it":"","description_es_es":"","description_i18n-key":"","col-span":"1","ignored":false,"ignored-run":"","visible":true,"visible-run":"","enabled":true,"enabled-run":"","required":false,"required-run":"","style-class":"","documentation":"","custom-validations":"","custom-validations_en_us":"","custom-validations_de_de":"","custom-validations_fr_fr":"","custom-validations_it_it":"","custom-validations_es_es":"","custom-validations_i18n-key":"","label":"code","label_en_us":"code","label_de_de":"","label_fr_fr":"","label_it_it":"","label_es_es":"","label_i18n-key":"","id":"text13","width":"200","height":"","col":7,"col-align":"fill","col-weight":"","row":2,"row-align":"top","row-weight":"","size":3,"description-position":"bottom","description-align":"left","node-type":"","validation-regexp":"","validation-regexp-error-msg":"","validation-regexp-error-msg_en_us":"","validation-regexp-error-msg_de_de":"","validation-regexp-error-msg_fr_fr":"","validation-regexp-error-msg_it_it":"","validation-regexp-error-msg_es_es":"","validation-regexp-error-msg_i18n-key":"","validation-mask":"","validation-mask-error-msg":"","validation-mask-error-msg_en_us":"","validation-mask-error-msg_de_de":"","validation-mask-error-msg_fr_fr":"","validation-mask-error-msg_it_it":"","validation-mask-error-msg_es_es":"","validation-mask-error-msg_i18n-key":"","xmlTag":"text"},"ssextensions":[],"outgoing":[],"dockers":[],"labels":[{"styles":{"fill":"#000000","size":"12","italic":false,"bold":false},"ref":"label_text"},{"styles":{"fill":"#000000","size":"12","italic":false,"bold":false},"ref":"input_text"},{"styles":{"fill":"#000000","size":"12","italic":false,"bold":false},"ref":"desc_text"}]},{"resourceId":"text14","stencil":{"id":"base-text"},"pathProperties":{"min-length":"extraSettings.minLength","min-length-run":"extraSettings.minLength","min-length-error-msg":"minLengthErrorMessage","min-length-error-msg_en_us":"i18n.en_us.minLengthErrorMessage","min-length-error-msg_de_de":"i18n.de_de.minLengthErrorMessage","min-length-error-msg_fr_fr":"i18n.fr_fr.minLengthErrorMessage","min-length-error-msg_it_it":"i18n.it_it.minLengthErrorMessage","min-length-error-msg_es_es":"i18n.es_es.minLengthErrorMessage","min-length-error-msg_i18n-key":"minLengthErrorMessage","max-length":"extraSettings.maxLength","max-length-run":"extraSettings.maxLength","max-length-error-msg":"maxLengthErrorMessage","max-length-error-msg_en_us":"i18n.en_us.maxLengthErrorMessage","max-length-error-msg_de_de":"i18n.de_de.maxLengthErrorMessage","max-length-error-msg_fr_fr":"i18n.fr_fr.maxLengthErrorMessage","max-length-error-msg_it_it":"i18n.it_it.maxLengthErrorMessage","max-length-error-msg_es_es":"i18n.es_es.maxLengthErrorMessage","max-length-error-msg_i18n-key":"maxLengthErrorMessage","placeholder":"placeholder","placeholder_en_us":"i18n.en_us.placeholder","placeholder_de_de":"i18n.de_de.placeholder","placeholder_fr_fr":"i18n.fr_fr.placeholder","placeholder_it_it":"i18n.it_it.placeholder","placeholder_es_es":"i18n.es_es.placeholder","placeholder_i18n-key":"placeholder","label-position":"labelAlign","tooltip":"tooltip","tooltip_en_us":"i18n.en_us.tooltip","tooltip_de_de":"i18n.de_de.tooltip","tooltip_fr_fr":"i18n.fr_fr.tooltip","tooltip_it_it":"i18n.it_it.tooltip","tooltip_es_es":"i18n.es_es.tooltip","tooltip_i18n-key":"tooltip","value":"value","default-value":"defaultValue","description":"description","description_en_us":"i18n.en_us.description","description_de_de":"i18n.de_de.description","description_fr_fr":"i18n.fr_fr.description","description_it_it":"i18n.it_it.description","description_es_es":"i18n.es_es.description","description_i18n-key":"description","col-span":"size","ignored":"ignore","ignored-run":"ignore","visible":"visible","visible-run":"visible","enabled":"enabled","enabled-run":"enabled","required":"isRequired","required-run":"isRequired","style-class":"styleClass","custom-validations":"customValidations","custom-validations_en_us":"i18n.en_us.customValidations","custom-validations_de_de":"i18n.de_de.customValidations","custom-validations_fr_fr":"i18n.fr_fr.customValidations","custom-validations_it_it":"i18n.it_it.customValidations","custom-validations_es_es":"i18n.es_es.customValidations","custom-validations_i18n-key":"customValidations","label":"label","label_en_us":"i18n.en_us.label","label_de_de":"i18n.de_de.label","label_fr_fr":"i18n.fr_fr.label","label_it_it":"i18n.it_it.label","label_es_es":"i18n.es_es.label","label_i18n-key":"label","id":"id","validation-regexp":"validationRegExp","validation-regexp-error-msg":"validationRegExpErrorMessage","validation-regexp-error-msg_en_us":"i18n.en_us.validationRegExpErrorMessage","validation-regexp-error-msg_de_de":"i18n.de_de.validationRegExpErrorMessage","validation-regexp-error-msg_fr_fr":"i18n.fr_fr.validationRegExpErrorMessage","validation-regexp-error-msg_it_it":"i18n.it_it.validationRegExpErrorMessage","validation-regexp-error-msg_es_es":"i18n.es_es.validationRegExpErrorMessage","validation-regexp-error-msg_i18n-key":"validationRegExpErrorMessage","validation-mask":"validationMask","validation-mask-error-msg":"validationMaskErrorMessage","validation-mask-error-msg_en_us":"i18n.en_us.validationMaskErrorMessage","validation-mask-error-msg_de_de":"i18n.de_de.validationMaskErrorMessage","validation-mask-error-msg_fr_fr":"i18n.fr_fr.validationMaskErrorMessage","validation-mask-error-msg_it_it":"i18n.it_it.validationMaskErrorMessage","validation-mask-error-msg_es_es":"i18n.es_es.validationMaskErrorMessage","validation-mask-error-msg_i18n-key":"validationMaskErrorMessage"},"xmlProperties":["min-length","min-length-run","min-length-error-msg","min-length-error-msg_en_us","min-length-error-msg_de_de","min-length-error-msg_fr_fr","min-length-error-msg_it_it","min-length-error-msg_es_es","min-length-error-msg_i18n-key","validation-regexp","validation-regexp-error-msg","validation-regexp-error-msg_en_us","validation-regexp-error-msg_de_de","validation-regexp-error-msg_fr_fr","validation-regexp-error-msg_it_it","validation-regexp-error-msg_es_es","validation-regexp-error-msg_i18n-key","validation-mask","validation-mask-error-msg","validation-mask-error-msg_en_us","validation-mask-error-msg_de_de","validation-mask-error-msg_fr_fr","validation-mask-error-msg_it_it","validation-mask-error-msg_es_es","validation-mask-error-msg_i18n-key"],"childShapes":[],"bounds":{"lowerRight":{"x":984,"y":219},"upperLeft":{"x":15,"y":171}},"outputmappingproperties":{"custom-validations":{"type":"complex","placeholders":[]},"custom-validations_en_us":{"type":"complex","placeholders":[]},"custom-validations_de_de":{"type":"complex","placeholders":[]},"custom-validations_fr_fr":{"type":"complex","placeholders":[]},"custom-validations_it_it":{"type":"complex","placeholders":[]},"custom-validations_es_es":{"type":"complex","placeholders":[]}},"properties":{"stencilid":"cloud-text","stencilsuperid":"base-text","stencilsuperids":["base-text"],"customstencil":false,"bordercolor":"#000000","notes":"","min-length":"","min-length-run":"","min-length-error-msg":"","min-length-error-msg_en_us":"","min-length-error-msg_de_de":"","min-length-error-msg_fr_fr":"","min-length-error-msg_it_it":"","min-length-error-msg_es_es":"","min-length-error-msg_i18n-key":"","max-length":"","max-length-run":"","max-length-error-msg":"","max-length-error-msg_en_us":"","max-length-error-msg_de_de":"","max-length-error-msg_fr_fr":"","max-length-error-msg_it_it":"","max-length-error-msg_es_es":"","max-length-error-msg_i18n-key":"","placeholder":"","placeholder_en_us":"","placeholder_de_de":"","placeholder_fr_fr":"","placeholder_it_it":"","placeholder_es_es":"","placeholder_i18n-key":"","label-position":"top","tooltip":"","tooltip_en_us":"","tooltip_de_de":"","tooltip_fr_fr":"","tooltip_it_it":"","tooltip_es_es":"","tooltip_i18n-key":"","value":"{{gegenpartei.strasse}}","default-value":"","description":"","description_en_us":"","description_de_de":"","description_fr_fr":"","description_it_it":"","description_es_es":"","description_i18n-key":"","col-span":"1","ignored":false,"ignored-run":"","visible":true,"visible-run":"","enabled":true,"enabled-run":"","required":false,"required-run":"","style-class":"","documentation":"","custom-validations":"","custom-validations_en_us":"","custom-validations_de_de":"","custom-validations_fr_fr":"","custom-validations_it_it":"","custom-validations_es_es":"","custom-validations_i18n-key":"","label":"strasse","label_en_us":"strasse","label_de_de":"","label_fr_fr":"","label_it_it":"","label_es_es":"","label_i18n-key":"","id":"text14","width":"200","height":"","col":1,"col-align":"fill","col-weight":"","row":3,"row-align":"top","row-weight":"","size":12,"description-position":"bottom","description-align":"left","node-type":"","validation-regexp":"","validation-regexp-error-msg":"","validation-regexp-error-msg_en_us":"","validation-regexp-error-msg_de_de":"","validation-regexp-error-msg_fr_fr":"","validation-regexp-error-msg_it_it":"","validation-regexp-error-msg_es_es":"","validation-regexp-error-msg_i18n-key":"","validation-mask":"","validation-mask-error-msg":"","validation-mask-error-msg_en_us":"","validation-mask-error-msg_de_de":"","validation-mask-error-msg_fr_fr":"","validation-mask-error-msg_it_it":"","validation-mask-error-msg_es_es":"","validation-mask-error-msg_i18n-key":"","xmlTag":"text"},"ssextensions":[],"outgoing":[],"dockers":[],"labels":[{"styles":{"fill":"#000000","size":"12","italic":false,"bold":false},"ref":"label_text"},{"styles":{"fill":"#000000","size":"12","italic":false,"bold":false},"ref":"input_text"},{"styles":{"fill":"#000000","size":"12","italic":false,"bold":false},"ref":"desc_text"}]},{"resourceId":"text15","stencil":{"id":"base-text"},"pathProperties":{"min-length":"extraSettings.minLength","min-length-run":"extraSettings.minLength","min-length-error-msg":"minLengthErrorMessage","min-length-error-msg_en_us":"i18n.en_us.minLengthErrorMessage","min-length-error-msg_de_de":"i18n.de_de.minLengthErrorMessage","min-length-error-msg_fr_fr":"i18n.fr_fr.minLengthErrorMessage","min-length-error-msg_it_it":"i18n.it_it.minLengthErrorMessage","min-length-error-msg_es_es":"i18n.es_es.minLengthErrorMessage","min-length-error-msg_i18n-key":"minLengthErrorMessage","max-length":"extraSettings.maxLength","max-length-run":"extraSettings.maxLength","max-length-error-msg":"maxLengthErrorMessage","max-length-error-msg_en_us":"i18n.en_us.maxLengthErrorMessage","max-length-error-msg_de_de":"i18n.de_de.maxLengthErrorMessage","max-length-error-msg_fr_fr":"i18n.fr_fr.maxLengthErrorMessage","max-length-error-msg_it_it":"i18n.it_it.maxLengthErrorMessage","max-length-error-msg_es_es":"i18n.es_es.maxLengthErrorMessage","max-length-error-msg_i18n-key":"maxLengthErrorMessage","placeholder":"placeholder","placeholder_en_us":"i18n.en_us.placeholder","placeholder_de_de":"i18n.de_de.placeholder","placeholder_fr_fr":"i18n.fr_fr.placeholder","placeholder_it_it":"i18n.it_it.placeholder","placeholder_es_es":"i18n.es_es.placeholder","placeholder_i18n-key":"placeholder","label-position":"labelAlign","tooltip":"tooltip","tooltip_en_us":"i18n.en_us.tooltip","tooltip_de_de":"i18n.de_de.tooltip","tooltip_fr_fr":"i18n.fr_fr.tooltip","tooltip_it_it":"i18n.it_it.tooltip","tooltip_es_es":"i18n.es_es.tooltip","tooltip_i18n-key":"tooltip","value":"value","default-value":"defaultValue","description":"description","description_en_us":"i18n.en_us.description","description_de_de":"i18n.de_de.description","description_fr_fr":"i18n.fr_fr.description","description_it_it":"i18n.it_it.description","description_es_es":"i18n.es_es.description","description_i18n-key":"description","col-span":"size","ignored":"ignore","ignored-run":"ignore","visible":"visible","visible-run":"visible","enabled":"enabled","enabled-run":"enabled","required":"isRequired","required-run":"isRequired","style-class":"styleClass","custom-validations":"customValidations","custom-validations_en_us":"i18n.en_us.customValidations","custom-validations_de_de":"i18n.de_de.customValidations","custom-validations_fr_fr":"i18n.fr_fr.customValidations","custom-validations_it_it":"i18n.it_it.customValidations","custom-validations_es_es":"i18n.es_es.customValidations","custom-validations_i18n-key":"customValidations","label":"label","label_en_us":"i18n.en_us.label","label_de_de":"i18n.de_de.label","label_fr_fr":"i18n.fr_fr.label","label_it_it":"i18n.it_it.label","label_es_es":"i18n.es_es.label","label_i18n-key":"label","id":"id","validation-regexp":"validationRegExp","validation-regexp-error-msg":"validationRegExpErrorMessage","validation-regexp-error-msg_en_us":"i18n.en_us.validationRegExpErrorMessage","validation-regexp-error-msg_de_de":"i18n.de_de.validationRegExpErrorMessage","validation-regexp-error-msg_fr_fr":"i18n.fr_fr.validationRegExpErrorMessage","validation-regexp-error-msg_it_it":"i18n.it_it.validationRegExpErrorMessage","validation-regexp-error-msg_es_es":"i18n.es_es.validationRegExpErrorMessage","validation-regexp-error-msg_i18n-key":"validationRegExpErrorMessage","validation-mask":"validationMask","validation-mask-error-msg":"validationMaskErrorMessage","validation-mask-error-msg_en_us":"i18n.en_us.validationMaskErrorMessage","validation-mask-error-msg_de_de":"i18n.de_de.validationMaskErrorMessage","validation-mask-error-msg_fr_fr":"i18n.fr_fr.validationMaskErrorMessage","validation-mask-error-msg_it_it":"i18n.it_it.validationMaskErrorMessage","validation-mask-error-msg_es_es":"i18n.es_es.validationMaskErrorMessage","validation-mask-error-msg_i18n-key":"validationMaskErrorMessage"},"xmlProperties":["min-length","min-length-run","min-length-error-msg","min-length-error-msg_en_us","min-length-error-msg_de_de","min-length-error-msg_fr_fr","min-length-error-msg_it_it","min-length-error-msg_es_es","min-length-error-msg_i18n-key","validation-regexp","validation-regexp-error-msg","validation-regexp-error-msg_en_us","validation-regexp-error-msg_de_de","validation-regexp-error-msg_fr_fr","validation-regexp-error-msg_it_it","validation-regexp-error-msg_es_es","validation-regexp-error-msg_i18n-key","validation-mask","validation-mask-error-msg","validation-mask-error-msg_en_us","validation-mask-error-msg_de_de","validation-mask-error-msg_fr_fr","validation-mask-error-msg_it_it","validation-mask-error-msg_es_es","validation-mask-error-msg_i18n-key"],"childShapes":[],"bounds":{"lowerRight":{"x":492,"y":292},"upperLeft":{"x":15,"y":244}},"outputmappingproperties":{"custom-validations":{"type":"complex","placeholders":[]},"custom-validations_en_us":{"type":"complex","placeholders":[]},"custom-validations_de_de":{"type":"complex","placeholders":[]},"custom-validations_fr_fr":{"type":"complex","placeholders":[]},"custom-validations_it_it":{"type":"complex","placeholders":[]},"custom-validations_es_es":{"type":"complex","placeholders":[]}},"properties":{"stencilid":"cloud-text","stencilsuperid":"base-text","stencilsuperids":["base-text"],"customstencil":false,"bordercolor":"#000000","notes":"","min-length":"","min-length-run":"","min-length-error-msg":"","min-length-error-msg_en_us":"","min-length-error-msg_de_de":"","min-length-error-msg_fr_fr":"","min-length-error-msg_it_it":"","min-length-error-msg_es_es":"","min-length-error-msg_i18n-key":"","max-length":"","max-length-run":"","max-length-error-msg":"","max-length-error-msg_en_us":"","max-length-error-msg_de_de":"","max-length-error-msg_fr_fr":"","max-length-error-msg_it_it":"","max-length-error-msg_es_es":"","max-length-error-msg_i18n-key":"","placeholder":"","placeholder_en_us":"","placeholder_de_de":"","placeholder_fr_fr":"","placeholder_it_it":"","placeholder_es_es":"","placeholder_i18n-key":"","label-position":"top","tooltip":"","tooltip_en_us":"","tooltip_de_de":"","tooltip_fr_fr":"","tooltip_it_it":"","tooltip_es_es":"","tooltip_i18n-key":"","value":"{{gegenpartei.plz}}","default-value":"","description":"","description_en_us":"","description_de_de":"","description_fr_fr":"","description_it_it":"","description_es_es":"","description_i18n-key":"","col-span":"1","ignored":false,"ignored-run":"","visible":true,"visible-run":"","enabled":true,"enabled-run":"","required":false,"required-run":"","style-class":"","documentation":"","custom-validations":"","custom-validations_en_us":"","custom-validations_de_de":"","custom-validations_fr_fr":"","custom-validations_it_it":"","custom-validations_es_es":"","custom-validations_i18n-key":"","label":"plz","label_en_us":"plz","label_de_de":"","label_fr_fr":"","label_it_it":"","label_es_es":"","label_i18n-key":"","id":"text15","width":"200","height":"","col":1,"col-align":"fill","col-weight":"","row":4,"row-align":"top","row-weight":"","size":6,"description-position":"bottom","description-align":"left","node-type":"","validation-regexp":"","validation-regexp-error-msg":"","validation-regexp-error-msg_en_us":"","validation-regexp-error-msg_de_de":"","validation-regexp-error-msg_fr_fr":"","validation-regexp-error-msg_it_it":"","validation-regexp-error-msg_es_es":"","validation-regexp-error-msg_i18n-key":"","validation-mask":"","validation-mask-error-msg":"","validation-mask-error-msg_en_us":"","validation-mask-error-msg_de_de":"","validation-mask-error-msg_fr_fr":"","validation-mask-error-msg_it_it":"","validation-mask-error-msg_es_es":"","validation-mask-error-msg_i18n-key":"","xmlTag":"text"},"ssextensions":[],"outgoing":[],"dockers":[],"labels":[{"styles":{"fill":"#000000","size":"12","italic":false,"bold":false},"ref":"label_text"},{"styles":{"fill":"#000000","size":"12","italic":false,"bold":false},"ref":"input_text"},{"styles":{"fill":"#000000","size":"12","italic":false,"bold":false},"ref":"desc_text"}]},{"resourceId":"text16","stencil":{"id":"base-text"},"pathProperties":{"min-length":"extraSettings.minLength","min-length-run":"extraSettings.minLength","min-length-error-msg":"minLengthErrorMessage","min-length-error-msg_en_us":"i18n.en_us.minLengthErrorMessage","min-length-error-msg_de_de":"i18n.de_de.minLengthErrorMessage","min-length-error-msg_fr_fr":"i18n.fr_fr.minLengthErrorMessage","min-length-error-msg_it_it":"i18n.it_it.minLengthErrorMessage","min-length-error-msg_es_es":"i18n.es_es.minLengthErrorMessage","min-length-error-msg_i18n-key":"minLengthErrorMessage","max-length":"extraSettings.maxLength","max-length-run":"extraSettings.maxLength","max-length-error-msg":"maxLengthErrorMessage","max-length-error-msg_en_us":"i18n.en_us.maxLengthErrorMessage","max-length-error-msg_de_de":"i18n.de_de.maxLengthErrorMessage","max-length-error-msg_fr_fr":"i18n.fr_fr.maxLengthErrorMessage","max-length-error-msg_it_it":"i18n.it_it.maxLengthErrorMessage","max-length-error-msg_es_es":"i18n.es_es.maxLengthErrorMessage","max-length-error-msg_i18n-key":"maxLengthErrorMessage","placeholder":"placeholder","placeholder_en_us":"i18n.en_us.placeholder","placeholder_de_de":"i18n.de_de.placeholder","placeholder_fr_fr":"i18n.fr_fr.placeholder","placeholder_it_it":"i18n.it_it.placeholder","placeholder_es_es":"i18n.es_es.placeholder","placeholder_i18n-key":"placeholder","label-position":"labelAlign","tooltip":"tooltip","tooltip_en_us":"i18n.en_us.tooltip","tooltip_de_de":"i18n.de_de.tooltip","tooltip_fr_fr":"i18n.fr_fr.tooltip","tooltip_it_it":"i18n.it_it.tooltip","tooltip_es_es":"i18n.es_es.tooltip","tooltip_i18n-key":"tooltip","value":"value","default-value":"defaultValue","description":"description","description_en_us":"i18n.en_us.description","description_de_de":"i18n.de_de.description","description_fr_fr":"i18n.fr_fr.description","description_it_it":"i18n.it_it.description","description_es_es":"i18n.es_es.description","description_i18n-key":"description","col-span":"size","ignored":"ignore","ignored-run":"ignore","visible":"visible","visible-run":"visible","enabled":"enabled","enabled-run":"enabled","required":"isRequired","required-run":"isRequired","style-class":"styleClass","custom-validations":"customValidations","custom-validations_en_us":"i18n.en_us.customValidations","custom-validations_de_de":"i18n.de_de.customValidations","custom-validations_fr_fr":"i18n.fr_fr.customValidations","custom-validations_it_it":"i18n.it_it.customValidations","custom-validations_es_es":"i18n.es_es.customValidations","custom-validations_i18n-key":"customValidations","label":"label","label_en_us":"i18n.en_us.label","label_de_de":"i18n.de_de.label","label_fr_fr":"i18n.fr_fr.label","label_it_it":"i18n.it_it.label","label_es_es":"i18n.es_es.label","label_i18n-key":"label","id":"id","validation-regexp":"validationRegExp","validation-regexp-error-msg":"validationRegExpErrorMessage","validation-regexp-error-msg_en_us":"i18n.en_us.validationRegExpErrorMessage","validation-regexp-error-msg_de_de":"i18n.de_de.validationRegExpErrorMessage","validation-regexp-error-msg_fr_fr":"i18n.fr_fr.validationRegExpErrorMessage","validation-regexp-error-msg_it_it":"i18n.it_it.validationRegExpErrorMessage","validation-regexp-error-msg_es_es":"i18n.es_es.validationRegExpErrorMessage","validation-regexp-error-msg_i18n-key":"validationRegExpErrorMessage","validation-mask":"validationMask","validation-mask-error-msg":"validationMaskErrorMessage","validation-mask-error-msg_en_us":"i18n.en_us.validationMaskErrorMessage","validation-mask-error-msg_de_de":"i18n.de_de.validationMaskErrorMessage","validation-mask-error-msg_fr_fr":"i18n.fr_fr.validationMaskErrorMessage","validation-mask-error-msg_it_it":"i18n.it_it.validationMaskErrorMessage","validation-mask-error-msg_es_es":"i18n.es_es.validationMaskErrorMessage","validation-mask-error-msg_i18n-key":"validationMaskErrorMessage"},"xmlProperties":["min-length","min-length-run","min-length-error-msg","min-length-error-msg_en_us","min-length-error-msg_de_de","min-length-error-msg_fr_fr","min-length-error-msg_it_it","min-length-error-msg_es_es","min-length-error-msg_i18n-key","validation-regexp","validation-regexp-error-msg","validation-regexp-error-msg_en_us","validation-regexp-error-msg_de_de","validation-regexp-error-msg_fr_fr","validation-regexp-error-msg_it_it","validation-regexp-error-msg_es_es","validation-regexp-error-msg_i18n-key","validation-mask","validation-mask-error-msg","validation-mask-error-msg_en_us","validation-mask-error-msg_de_de","validation-mask-error-msg_fr_fr","validation-mask-error-msg_it_it","validation-mask-error-msg_es_es","validation-mask-error-msg_i18n-key"],"childShapes":[],"bounds":{"lowerRight":{"x":984,"y":292},"upperLeft":{"x":507,"y":244}},"outputmappingproperties":{"custom-validations":{"type":"complex","placeholders":[]},"custom-validations_en_us":{"type":"complex","placeholders":[]},"custom-validations_de_de":{"type":"complex","placeholders":[]},"custom-validations_fr_fr":{"type":"complex","placeholders":[]},"custom-validations_it_it":{"type":"complex","placeholders":[]},"custom-validations_es_es":{"type":"complex","placeholders":[]}},"properties":{"stencilid":"cloud-text","stencilsuperid":"base-text","stencilsuperids":["base-text"],"customstencil":false,"bordercolor":"#000000","notes":"","min-length":"","min-length-run":"","min-length-error-msg":"","min-length-error-msg_en_us":"","min-length-error-msg_de_de":"","min-length-error-msg_fr_fr":"","min-length-error-msg_it_it":"","min-length-error-msg_es_es":"","min-length-error-msg_i18n-key":"","max-length":"","max-length-run":"","max-length-error-msg":"","max-length-error-msg_en_us":"","max-length-error-msg_de_de":"","max-length-error-msg_fr_fr":"","max-length-error-msg_it_it":"","max-length-error-msg_es_es":"","max-length-error-msg_i18n-key":"","placeholder":"","placeholder_en_us":"","placeholder_de_de":"","placeholder_fr_fr":"","placeholder_it_it":"","placeholder_es_es":"","placeholder_i18n-key":"","label-position":"top","tooltip":"","tooltip_en_us":"","tooltip_de_de":"","tooltip_fr_fr":"","tooltip_it_it":"","tooltip_es_es":"","tooltip_i18n-key":"","value":"{{gegenpartei.ort}}","default-value":"","description":"","description_en_us":"","description_de_de":"","description_fr_fr":"","description_it_it":"","description_es_es":"","description_i18n-key":"","col-span":"1","ignored":false,"ignored-run":"","visible":true,"visible-run":"","enabled":true,"enabled-run":"","required":false,"required-run":"","style-class":"","documentation":"","custom-validations":"","custom-validations_en_us":"","custom-validations_de_de":"","custom-validations_fr_fr":"","custom-validations_it_it":"","custom-validations_es_es":"","custom-validations_i18n-key":"","label":"Ort","label_en_us":"Ort","label_de_de":"","label_fr_fr":"","label_it_it":"","label_es_es":"","label_i18n-key":"","id":"text16","width":"200","height":"","col":7,"col-align":"fill","col-weight":"","row":4,"row-align":"top","row-weight":"","size":6,"description-position":"bottom","description-align":"left","node-type":"","validation-regexp":"","validation-regexp-error-msg":"","validation-regexp-error-msg_en_us":"","validation-regexp-error-msg_de_de":"","validation-regexp-error-msg_fr_fr":"","validation-regexp-error-msg_it_it":"","validation-regexp-error-msg_es_es":"","validation-regexp-error-msg_i18n-key":"","validation-mask":"","validation-mask-error-msg":"","validation-mask-error-msg_en_us":"","validation-mask-error-msg_de_de":"","validation-mask-error-msg_fr_fr":"","validation-mask-error-msg_it_it":"","validation-mask-error-msg_es_es":"","validation-mask-error-msg_i18n-key":"","xmlTag":"text"},"ssextensions":[],"outgoing":[],"dockers":[],"labels":[{"styles":{"fill":"#000000","size":"12","italic":false,"bold":false},"ref":"label_text"},{"styles":{"fill":"#000000","size":"12","italic":false,"bold":false},"ref":"input_text"},{"styles":{"fill":"#000000","size":"12","italic":false,"bold":false},"ref":"desc_text"}]},{"resourceId":"text17","stencil":{"id":"base-text"},"pathProperties":{"min-length":"extraSettings.minLength","min-length-run":"extraSettings.minLength","min-length-error-msg":"minLengthErrorMessage","min-length-error-msg_en_us":"i18n.en_us.minLengthErrorMessage","min-length-error-msg_de_de":"i18n.de_de.minLengthErrorMessage","min-length-error-msg_fr_fr":"i18n.fr_fr.minLengthErrorMessage","min-length-error-msg_it_it":"i18n.it_it.minLengthErrorMessage","min-length-error-msg_es_es":"i18n.es_es.minLengthErrorMessage","min-length-error-msg_i18n-key":"minLengthErrorMessage","max-length":"extraSettings.maxLength","max-length-run":"extraSettings.maxLength","max-length-error-msg":"maxLengthErrorMessage","max-length-error-msg_en_us":"i18n.en_us.maxLengthErrorMessage","max-length-error-msg_de_de":"i18n.de_de.maxLengthErrorMessage","max-length-error-msg_fr_fr":"i18n.fr_fr.maxLengthErrorMessage","max-length-error-msg_it_it":"i18n.it_it.maxLengthErrorMessage","max-length-error-msg_es_es":"i18n.es_es.maxLengthErrorMessage","max-length-error-msg_i18n-key":"maxLengthErrorMessage","placeholder":"placeholder","placeholder_en_us":"i18n.en_us.placeholder","placeholder_de_de":"i18n.de_de.placeholder","placeholder_fr_fr":"i18n.fr_fr.placeholder","placeholder_it_it":"i18n.it_it.placeholder","placeholder_es_es":"i18n.es_es.placeholder","placeholder_i18n-key":"placeholder","label-position":"labelAlign","tooltip":"tooltip","tooltip_en_us":"i18n.en_us.tooltip","tooltip_de_de":"i18n.de_de.tooltip","tooltip_fr_fr":"i18n.fr_fr.tooltip","tooltip_it_it":"i18n.it_it.tooltip","tooltip_es_es":"i18n.es_es.tooltip","tooltip_i18n-key":"tooltip","value":"value","default-value":"defaultValue","description":"description","description_en_us":"i18n.en_us.description","description_de_de":"i18n.de_de.description","description_fr_fr":"i18n.fr_fr.description","description_it_it":"i18n.it_it.description","description_es_es":"i18n.es_es.description","description_i18n-key":"description","col-span":"size","ignored":"ignore","ignored-run":"ignore","visible":"visible","visible-run":"visible","enabled":"enabled","enabled-run":"enabled","required":"isRequired","required-run":"isRequired","style-class":"styleClass","custom-validations":"customValidations","custom-validations_en_us":"i18n.en_us.customValidations","custom-validations_de_de":"i18n.de_de.customValidations","custom-validations_fr_fr":"i18n.fr_fr.customValidations","custom-validations_it_it":"i18n.it_it.customValidations","custom-validations_es_es":"i18n.es_es.customValidations","custom-validations_i18n-key":"customValidations","label":"label","label_en_us":"i18n.en_us.label","label_de_de":"i18n.de_de.label","label_fr_fr":"i18n.fr_fr.label","label_it_it":"i18n.it_it.label","label_es_es":"i18n.es_es.label","label_i18n-key":"label","id":"id","validation-regexp":"validationRegExp","validation-regexp-error-msg":"validationRegExpErrorMessage","validation-regexp-error-msg_en_us":"i18n.en_us.validationRegExpErrorMessage","validation-regexp-error-msg_de_de":"i18n.de_de.validationRegExpErrorMessage","validation-regexp-error-msg_fr_fr":"i18n.fr_fr.validationRegExpErrorMessage","validation-regexp-error-msg_it_it":"i18n.it_it.validationRegExpErrorMessage","validation-regexp-error-msg_es_es":"i18n.es_es.validationRegExpErrorMessage","validation-regexp-error-msg_i18n-key":"validationRegExpErrorMessage","validation-mask":"validationMask","validation-mask-error-msg":"validationMaskErrorMessage","validation-mask-error-msg_en_us":"i18n.en_us.validationMaskErrorMessage","validation-mask-error-msg_de_de":"i18n.de_de.validationMaskErrorMessage","validation-mask-error-msg_fr_fr":"i18n.fr_fr.validationMaskErrorMessage","validation-mask-error-msg_it_it":"i18n.it_it.validationMaskErrorMessage","validation-mask-error-msg_es_es":"i18n.es_es.validationMaskErrorMessage","validation-mask-error-msg_i18n-key":"validationMaskErrorMessage"},"xmlProperties":["min-length","min-length-run","min-length-error-msg","min-length-error-msg_en_us","min-length-error-msg_de_de","min-length-error-msg_fr_fr","min-length-error-msg_it_it","min-length-error-msg_es_es","min-length-error-msg_i18n-key","validation-regexp","validation-regexp-error-msg","validation-regexp-error-msg_en_us","validation-regexp-error-msg_de_de","validation-regexp-error-msg_fr_fr","validation-regexp-error-msg_it_it","validation-regexp-error-msg_es_es","validation-regexp-error-msg_i18n-key","validation-mask","validation-mask-error-msg","validation-mask-error-msg_en_us","validation-mask-error-msg_de_de","validation-mask-error-msg_fr_fr","validation-mask-error-msg_it_it","validation-mask-error-msg_es_es","validation-mask-error-msg_i18n-key"],"childShapes":[],"bounds":{"lowerRight":{"x":984,"y":365},"upperLeft":{"x":15,"y":317}},"outputmappingproperties":{"custom-validations":{"type":"complex","placeholders":[]},"custom-validations_en_us":{"type":"complex","placeholders":[]},"custom-validations_de_de":{"type":"complex","placeholders":[]},"custom-validations_fr_fr":{"type":"complex","placeholders":[]},"custom-validations_it_it":{"type":"complex","placeholders":[]},"custom-validations_es_es":{"type":"complex","placeholders":[]}},"properties":{"stencilid":"cloud-text","stencilsuperid":"base-text","stencilsuperids":["base-text"],"customstencil":false,"bordercolor":"#000000","notes":"","min-length":"","min-length-run":"","min-length-error-msg":"","min-length-error-msg_en_us":"","min-length-error-msg_de_de":"","min-length-error-msg_fr_fr":"","min-length-error-msg_it_it":"","min-length-error-msg_es_es":"","min-length-error-msg_i18n-key":"","max-length":"","max-length-run":"","max-length-error-msg":"","max-length-error-msg_en_us":"","max-length-error-msg_de_de":"","max-length-error-msg_fr_fr":"","max-length-error-msg_it_it":"","max-length-error-msg_es_es":"","max-length-error-msg_i18n-key":"","placeholder":"","placeholder_en_us":"","placeholder_de_de":"","placeholder_fr_fr":"","placeholder_it_it":"","placeholder_es_es":"","placeholder_i18n-key":"","label-position":"top","tooltip":"","tooltip_en_us":"","tooltip_de_de":"","tooltip_fr_fr":"","tooltip_it_it":"","tooltip_es_es":"","tooltip_i18n-key":"","value":"{{gegenpartei.land}}","default-value":"","description":"","description_en_us":"","description_de_de":"","description_fr_fr":"","description_it_it":"","description_es_es":"","description_i18n-key":"","col-span":"1","ignored":false,"ignored-run":"","visible":true,"visible-run":"","enabled":true,"enabled-run":"","required":false,"required-run":"","style-class":"","documentation":"","custom-validations":"","custom-validations_en_us":"","custom-validations_de_de":"","custom-validations_fr_fr":"","custom-validations_it_it":"","custom-validations_es_es":"","custom-validations_i18n-key":"","label":"land","label_en_us":"land","label_de_de":"","label_fr_fr":"","label_it_it":"","label_es_es":"","label_i18n-key":"","id":"text17","width":"200","height":"","col":1,"col-align":"fill","col-weight":"","row":5,"row-align":"top","row-weight":"","size":12,"description-position":"bottom","description-align":"left","node-type":"","validation-regexp":"","validation-regexp-error-msg":"","validation-regexp-error-msg_en_us":"","validation-regexp-error-msg_de_de":"","validation-regexp-error-msg_fr_fr":"","validation-regexp-error-msg_it_it":"","validation-regexp-error-msg_es_es":"","validation-regexp-error-msg_i18n-key":"","validation-mask":"","validation-mask-error-msg":"","validation-mask-error-msg_en_us":"","validation-mask-error-msg_de_de":"","validation-mask-error-msg_fr_fr":"","validation-mask-error-msg_it_it":"","validation-mask-error-msg_es_es":"","validation-mask-error-msg_i18n-key":"","xmlTag":"text"},"ssextensions":[],"outgoing":[],"dockers":[],"labels":[{"styles":{"fill":"#000000","size":"12","italic":false,"bold":false},"ref":"label_text"},{"styles":{"fill":"#000000","size":"12","italic":false,"bold":false},"ref":"input_text"},{"styles":{"fill":"#000000","size":"12","italic":false,"bold":false},"ref":"desc_text"}]},{"resourceId":"text18","stencil":{"id":"base-text"},"pathProperties":{"min-length":"extraSettings.minLength","min-length-run":"extraSettings.minLength","min-length-error-msg":"minLengthErrorMessage","min-length-error-msg_en_us":"i18n.en_us.minLengthErrorMessage","min-length-error-msg_de_de":"i18n.de_de.minLengthErrorMessage","min-length-error-msg_fr_fr":"i18n.fr_fr.minLengthErrorMessage","min-length-error-msg_it_it":"i18n.it_it.minLengthErrorMessage","min-length-error-msg_es_es":"i18n.es_es.minLengthErrorMessage","min-length-error-msg_i18n-key":"minLengthErrorMessage","max-length":"extraSettings.maxLength","max-length-run":"extraSettings.maxLength","max-length-error-msg":"maxLengthErrorMessage","max-length-error-msg_en_us":"i18n.en_us.maxLengthErrorMessage","max-length-error-msg_de_de":"i18n.de_de.maxLengthErrorMessage","max-length-error-msg_fr_fr":"i18n.fr_fr.maxLengthErrorMessage","max-length-error-msg_it_it":"i18n.it_it.maxLengthErrorMessage","max-length-error-msg_es_es":"i18n.es_es.maxLengthErrorMessage","max-length-error-msg_i18n-key":"maxLengthErrorMessage","placeholder":"placeholder","placeholder_en_us":"i18n.en_us.placeholder","placeholder_de_de":"i18n.de_de.placeholder","placeholder_fr_fr":"i18n.fr_fr.placeholder","placeholder_it_it":"i18n.it_it.placeholder","placeholder_es_es":"i18n.es_es.placeholder","placeholder_i18n-key":"placeholder","label-position":"labelAlign","tooltip":"tooltip","tooltip_en_us":"i18n.en_us.tooltip","tooltip_de_de":"i18n.de_de.tooltip","tooltip_fr_fr":"i18n.fr_fr.tooltip","tooltip_it_it":"i18n.it_it.tooltip","tooltip_es_es":"i18n.es_es.tooltip","tooltip_i18n-key":"tooltip","value":"value","default-value":"defaultValue","description":"description","description_en_us":"i18n.en_us.description","description_de_de":"i18n.de_de.description","description_fr_fr":"i18n.fr_fr.description","description_it_it":"i18n.it_it.description","description_es_es":"i18n.es_es.description","description_i18n-key":"description","col-span":"size","ignored":"ignore","ignored-run":"ignore","visible":"visible","visible-run":"visible","enabled":"enabled","enabled-run":"enabled","required":"isRequired","required-run":"isRequired","style-class":"styleClass","custom-validations":"customValidations","custom-validations_en_us":"i18n.en_us.customValidations","custom-validations_de_de":"i18n.de_de.customValidations","custom-validations_fr_fr":"i18n.fr_fr.customValidations","custom-validations_it_it":"i18n.it_it.customValidations","custom-validations_es_es":"i18n.es_es.customValidations","custom-validations_i18n-key":"customValidations","label":"label","label_en_us":"i18n.en_us.label","label_de_de":"i18n.de_de.label","label_fr_fr":"i18n.fr_fr.label","label_it_it":"i18n.it_it.label","label_es_es":"i18n.es_es.label","label_i18n-key":"label","id":"id","validation-regexp":"validationRegExp","validation-regexp-error-msg":"validationRegExpErrorMessage","validation-regexp-error-msg_en_us":"i18n.en_us.validationRegExpErrorMessage","validation-regexp-error-msg_de_de":"i18n.de_de.validationRegExpErrorMessage","validation-regexp-error-msg_fr_fr":"i18n.fr_fr.validationRegExpErrorMessage","validation-regexp-error-msg_it_it":"i18n.it_it.validationRegExpErrorMessage","validation-regexp-error-msg_es_es":"i18n.es_es.validationRegExpErrorMessage","validation-regexp-error-msg_i18n-key":"validationRegExpErrorMessage","validation-mask":"validationMask","validation-mask-error-msg":"validationMaskErrorMessage","validation-mask-error-msg_en_us":"i18n.en_us.validationMaskErrorMessage","validation-mask-error-msg_de_de":"i18n.de_de.validationMaskErrorMessage","validation-mask-error-msg_fr_fr":"i18n.fr_fr.validationMaskErrorMessage","validation-mask-error-msg_it_it":"i18n.it_it.validationMaskErrorMessage","validation-mask-error-msg_es_es":"i18n.es_es.validationMaskErrorMessage","validation-mask-error-msg_i18n-key":"validationMaskErrorMessage"},"xmlProperties":["min-length","min-length-run","min-length-error-msg","min-length-error-msg_en_us","min-length-error-msg_de_de","min-length-error-msg_fr_fr","min-length-error-msg_it_it","min-length-error-msg_es_es","min-length-error-msg_i18n-key","validation-regexp","validation-regexp-error-msg","validation-regexp-error-msg_en_us","validation-regexp-error-msg_de_de","validation-regexp-error-msg_fr_fr","validation-regexp-error-msg_it_it","validation-regexp-error-msg_es_es","validation-regexp-error-msg_i18n-key","validation-mask","validation-mask-error-msg","validation-mask-error-msg_en_us","validation-mask-error-msg_de_de","validation-mask-error-msg_fr_fr","validation-mask-error-msg_it_it","validation-mask-error-msg_es_es","validation-mask-error-msg_i18n-key"],"childShapes":[],"bounds":{"lowerRight":{"x":492,"y":438},"upperLeft":{"x":15,"y":390}},"outputmappingproperties":{"custom-validations":{"type":"complex","placeholders":[]},"custom-validations_en_us":{"type":"complex","placeholders":[]},"custom-validations_de_de":{"type":"complex","placeholders":[]},"custom-validations_fr_fr":{"type":"complex","placeholders":[]},"custom-validations_it_it":{"type":"complex","placeholders":[]},"custom-validations_es_es":{"type":"complex","placeholders":[]}},"properties":{"stencilid":"cloud-text","stencilsuperid":"base-text","stencilsuperids":["base-text"],"customstencil":false,"bordercolor":"#000000","notes":"","min-length":"","min-length-run":"","min-length-error-msg":"","min-length-error-msg_en_us":"","min-length-error-msg_de_de":"","min-length-error-msg_fr_fr":"","min-length-error-msg_it_it":"","min-length-error-msg_es_es":"","min-length-error-msg_i18n-key":"","max-length":"","max-length-run":"","max-length-error-msg":"","max-length-error-msg_en_us":"","max-length-error-msg_de_de":"","max-length-error-msg_fr_fr":"","max-length-error-msg_it_it":"","max-length-error-msg_es_es":"","max-length-error-msg_i18n-key":"","placeholder":"","placeholder_en_us":"","placeholder_de_de":"","placeholder_fr_fr":"","placeholder_it_it":"","placeholder_es_es":"","placeholder_i18n-key":"","label-position":"top","tooltip":"","tooltip_en_us":"","tooltip_de_de":"","tooltip_fr_fr":"","tooltip_it_it":"","tooltip_es_es":"","tooltip_i18n-key":"","value":"{{gegenpartei.swiftKey}}","default-value":"","description":"","description_en_us":"","description_de_de":"","description_fr_fr":"","description_it_it":"","description_es_es":"","description_i18n-key":"","col-span":"1","ignored":false,"ignored-run":"","visible":true,"visible-run":"","enabled":true,"enabled-run":"","required":false,"required-run":"","style-class":"","documentation":"","custom-validations":"","custom-validations_en_us":"","custom-validations_de_de":"","custom-validations_fr_fr":"","custom-validations_it_it":"","custom-validations_es_es":"","custom-validations_i18n-key":"","label":"Swift Key","label_en_us":"Swift Key","label_de_de":"","label_fr_fr":"","label_it_it":"","label_es_es":"","label_i18n-key":"","id":"text18","width":"200","height":"","col":1,"col-align":"fill","col-weight":"","row":6,"row-align":"top","row-weight":"","size":6,"description-position":"bottom","description-align":"left","node-type":"","validation-regexp":"","validation-regexp-error-msg":"","validation-regexp-error-msg_en_us":"","validation-regexp-error-msg_de_de":"","validation-regexp-error-msg_fr_fr":"","validation-regexp-error-msg_it_it":"","validation-regexp-error-msg_es_es":"","validation-regexp-error-msg_i18n-key":"","validation-mask":"","validation-mask-error-msg":"","validation-mask-error-msg_en_us":"","validation-mask-error-msg_de_de":"","validation-mask-error-msg_fr_fr":"","validation-mask-error-msg_it_it":"","validation-mask-error-msg_es_es":"","validation-mask-error-msg_i18n-key":"","xmlTag":"text"},"ssextensions":[],"outgoing":[],"dockers":[],"labels":[{"styles":{"fill":"#000000","size":"12","italic":false,"bold":false},"ref":"label_text"},{"styles":{"fill":"#000000","size":"12","italic":false,"bold":false},"ref":"input_text"},{"styles":{"fill":"#000000","size":"12","italic":false,"bold":false},"ref":"desc_text"}]},{"resourceId":"text19","stencil":{"id":"base-text"},"pathProperties":{"min-length":"extraSettings.minLength","min-length-run":"extraSettings.minLength","min-length-error-msg":"minLengthErrorMessage","min-length-error-msg_en_us":"i18n.en_us.minLengthErrorMessage","min-length-error-msg_de_de":"i18n.de_de.minLengthErrorMessage","min-length-error-msg_fr_fr":"i18n.fr_fr.minLengthErrorMessage","min-length-error-msg_it_it":"i18n.it_it.minLengthErrorMessage","min-length-error-msg_es_es":"i18n.es_es.minLengthErrorMessage","min-length-error-msg_i18n-key":"minLengthErrorMessage","max-length":"extraSettings.maxLength","max-length-run":"extraSettings.maxLength","max-length-error-msg":"maxLengthErrorMessage","max-length-error-msg_en_us":"i18n.en_us.maxLengthErrorMessage","max-length-error-msg_de_de":"i18n.de_de.maxLengthErrorMessage","max-length-error-msg_fr_fr":"i18n.fr_fr.maxLengthErrorMessage","max-length-error-msg_it_it":"i18n.it_it.maxLengthErrorMessage","max-length-error-msg_es_es":"i18n.es_es.maxLengthErrorMessage","max-length-error-msg_i18n-key":"maxLengthErrorMessage","placeholder":"placeholder","placeholder_en_us":"i18n.en_us.placeholder","placeholder_de_de":"i18n.de_de.placeholder","placeholder_fr_fr":"i18n.fr_fr.placeholder","placeholder_it_it":"i18n.it_it.placeholder","placeholder_es_es":"i18n.es_es.placeholder","placeholder_i18n-key":"placeholder","label-position":"labelAlign","tooltip":"tooltip","tooltip_en_us":"i18n.en_us.tooltip","tooltip_de_de":"i18n.de_de.tooltip","tooltip_fr_fr":"i18n.fr_fr.tooltip","tooltip_it_it":"i18n.it_it.tooltip","tooltip_es_es":"i18n.es_es.tooltip","tooltip_i18n-key":"tooltip","value":"value","default-value":"defaultValue","description":"description","description_en_us":"i18n.en_us.description","description_de_de":"i18n.de_de.description","description_fr_fr":"i18n.fr_fr.description","description_it_it":"i18n.it_it.description","description_es_es":"i18n.es_es.description","description_i18n-key":"description","col-span":"size","ignored":"ignore","ignored-run":"ignore","visible":"visible","visible-run":"visible","enabled":"enabled","enabled-run":"enabled","required":"isRequired","required-run":"isRequired","style-class":"styleClass","custom-validations":"customValidations","custom-validations_en_us":"i18n.en_us.customValidations","custom-validations_de_de":"i18n.de_de.customValidations","custom-validations_fr_fr":"i18n.fr_fr.customValidations","custom-validations_it_it":"i18n.it_it.customValidations","custom-validations_es_es":"i18n.es_es.customValidations","custom-validations_i18n-key":"customValidations","label":"label","label_en_us":"i18n.en_us.label","label_de_de":"i18n.de_de.label","label_fr_fr":"i18n.fr_fr.label","label_it_it":"i18n.it_it.label","label_es_es":"i18n.es_es.label","label_i18n-key":"label","id":"id","validation-regexp":"validationRegExp","validation-regexp-error-msg":"validationRegExpErrorMessage","validation-regexp-error-msg_en_us":"i18n.en_us.validationRegExpErrorMessage","validation-regexp-error-msg_de_de":"i18n.de_de.validationRegExpErrorMessage","validation-regexp-error-msg_fr_fr":"i18n.fr_fr.validationRegExpErrorMessage","validation-regexp-error-msg_it_it":"i18n.it_it.validationRegExpErrorMessage","validation-regexp-error-msg_es_es":"i18n.es_es.validationRegExpErrorMessage","validation-regexp-error-msg_i18n-key":"validationRegExpErrorMessage","validation-mask":"validationMask","validation-mask-error-msg":"validationMaskErrorMessage","validation-mask-error-msg_en_us":"i18n.en_us.validationMaskErrorMessage","validation-mask-error-msg_de_de":"i18n.de_de.validationMaskErrorMessage","validation-mask-error-msg_fr_fr":"i18n.fr_fr.validationMaskErrorMessage","validation-mask-error-msg_it_it":"i18n.it_it.validationMaskErrorMessage","validation-mask-error-msg_es_es":"i18n.es_es.validationMaskErrorMessage","validation-mask-error-msg_i18n-key":"validationMaskErrorMessage"},"xmlProperties":["min-length","min-length-run","min-length-error-msg","min-length-error-msg_en_us","min-length-error-msg_de_de","min-length-error-msg_fr_fr","min-length-error-msg_it_it","min-length-error-msg_es_es","min-length-error-msg_i18n-key","validation-regexp","validation-regexp-error-msg","validation-regexp-error-msg_en_us","validation-regexp-error-msg_de_de","validation-regexp-error-msg_fr_fr","validation-regexp-error-msg_it_it","validation-regexp-error-msg_es_es","validation-regexp-error-msg_i18n-key","validation-mask","validation-mask-error-msg","validation-mask-error-msg_en_us","validation-mask-error-msg_de_de","validation-mask-error-msg_fr_fr","validation-mask-error-msg_it_it","validation-mask-error-msg_es_es","validation-mask-error-msg_i18n-key"],"childShapes":[],"bounds":{"lowerRight":{"x":984,"y":438},"upperLeft":{"x":507,"y":390}},"outputmappingproperties":{"custom-validations":{"type":"complex","placeholders":[]},"custom-validations_en_us":{"type":"complex","placeholders":[]},"custom-validations_de_de":{"type":"complex","placeholders":[]},"custom-validations_fr_fr":{"type":"complex","placeholders":[]},"custom-validations_it_it":{"type":"complex","placeholders":[]},"custom-validations_es_es":{"type":"complex","placeholders":[]}},"properties":{"stencilid":"cloud-text","stencilsuperid":"base-text","stencilsuperids":["base-text"],"customstencil":false,"bordercolor":"#000000","notes":"","min-length":"","min-length-run":"","min-length-error-msg":"","min-length-error-msg_en_us":"","min-length-error-msg_de_de":"","min-length-error-msg_fr_fr":"","min-length-error-msg_it_it":"","min-length-error-msg_es_es":"","min-length-error-msg_i18n-key":"","max-length":"","max-length-run":"","max-length-error-msg":"","max-length-error-msg_en_us":"","max-length-error-msg_de_de":"","max-length-error-msg_fr_fr":"","max-length-error-msg_it_it":"","max-length-error-msg_es_es":"","max-length-error-msg_i18n-key":"","placeholder":"","placeholder_en_us":"","placeholder_de_de":"","placeholder_fr_fr":"","placeholder_it_it":"","placeholder_es_es":"","placeholder_i18n-key":"","label-position":"top","tooltip":"","tooltip_en_us":"","tooltip_de_de":"","tooltip_fr_fr":"","tooltip_it_it":"","tooltip_es_es":"","tooltip_i18n-key":"","value":"{{gegenpartei.konzernStruktur}}","default-value":"","description":"","description_en_us":"","description_de_de":"","description_fr_fr":"","description_it_it":"","description_es_es":"","description_i18n-key":"","col-span":"1","ignored":false,"ignored-run":"","visible":true,"visible-run":"","enabled":true,"enabled-run":"","required":false,"required-run":"","style-class":"","documentation":"","custom-validations":"","custom-validations_en_us":"","custom-validations_de_de":"","custom-validations_fr_fr":"","custom-validations_it_it":"","custom-validations_es_es":"","custom-validations_i18n-key":"","label":"Konzernstruktur","label_en_us":"Konzernstruktur","label_de_de":"","label_fr_fr":"","label_it_it":"","label_es_es":"","label_i18n-key":"","id":"text19","width":"200","height":"","col":7,"col-align":"fill","col-weight":"","row":6,"row-align":"top","row-weight":"","size":6,"description-position":"bottom","description-align":"left","node-type":"","validation-regexp":"","validation-regexp-error-msg":"","validation-regexp-error-msg_en_us":"","validation-regexp-error-msg_de_de":"","validation-regexp-error-msg_fr_fr":"","validation-regexp-error-msg_it_it":"","validation-regexp-error-msg_es_es":"","validation-regexp-error-msg_i18n-key":"","validation-mask":"","validation-mask-error-msg":"","validation-mask-error-msg_en_us":"","validation-mask-error-msg_de_de":"","validation-mask-error-msg_fr_fr":"","validation-mask-error-msg_it_it":"","validation-mask-error-msg_es_es":"","validation-mask-error-msg_i18n-key":"","xmlTag":"text"},"ssextensions":[],"outgoing":[],"dockers":[],"labels":[{"styles":{"fill":"#000000","size":"12","italic":false,"bold":false},"ref":"label_text"},{"styles":{"fill":"#000000","size":"12","italic":false,"bold":false},"ref":"input_text"},{"styles":{"fill":"#000000","size":"12","italic":false,"bold":false},"ref":"desc_text"}]}],"bounds":{"lowerRight":{"x":1049,"y":513},"upperLeft":{"x":50,"y":50}},"oldResourceId":"sid-8D9FC954-EB33-4C05-ADF0-5706EF50E974","properties":{"stencilid":"SlotPanel","stencilsuperid":"SlotPanel","stencilsuperids":["SlotPanel"],"customstencil":false,"id":"panel1","notes":"","width":"300"},"ssextensions":[],"outgoing":[],"dockers":[]}],"bounds":{"lowerRight":{"x":1485,"y":1050},"upperLeft":{"x":0,"y":0}},"outputmappingproperties":{"outcomes":{"type":"formlist","placeholders":[]},"datamodel":{"type":"complex","placeholders":[]},"custom-validations":{"type":"complex","placeholders":[]},"custom-validations_en_us":{"type":"complex","placeholders":[]},"custom-validations_de_de":{"type":"complex","placeholders":[]},"custom-validations_fr_fr":{"type":"complex","placeholders":[]},"custom-validations_it_it":{"type":"complex","placeholders":[]},"custom-validations_es_es":{"type":"complex","placeholders":[]}},"properties":{"stencilid":"XForm","stencilsuperid":"XForm","stencilsuperids":["XForm"],"customstencil":false,"id":"testForm","notes":"","name":"Test Form","guid":"FORM_MODEL-df198723-65ef-4540-b5ea-51aa67fc96b2","creationdate":"2020-05-20T08:30:09.223Z","modificationdate":"2020-05-26T07:21:49.064Z","outcomes":"","outcomevariablename":"gegenpartei","datamodel":{"totalCount":0,"items":[]},"dialog-size":"","dialog-title":"","dialog-title_en_us":"","dialog-title_de_de":"","dialog-title_fr_fr":"","dialog-title_it_it":"","dialog-title_es_es":"","dialog-title_i18n-key":"","dialog-description":"","force-validation":"","custom-validations":"","custom-validations_en_us":"","custom-validations_de_de":"","custom-validations_fr_fr":"","custom-validations_it_it":"","custom-validations_es_es":"","custom-validations_i18n-key":"","description":""},"ssextensions":[],"stencilset":{"url":"./app/editor_stencilset","paletteKey":"flowable-form-palette","namespace":"http://b3mn.org/stencilset/xforms#"}}}