{"id":"APP_MODEL-41d490f4-28d9-4ed1-ad77-158ab659db5d","name":"OnBoarding","key":"onBoarding","description":"v364 Der Case ist durchgängig\nv349 Decision funktioniert nun ebenfalls\nv313 liste gegenpartei, wähle aus und speichere sie\nab v270 finde Gegenpartei und Liste Gegenpartei\nab v157 Action Definition Button erstellt\nab v117 erstmals funktionsfähig","editorJson":{"models":[{"id":"PROCESS_MODEL-f4140be8-12eb-4928-8fe7-8667f8509ce7","name":"Finde Gegenpartei Business Process","version":65,"modelType":0,"description":"","createdBy":"6dde7706-3ef4-4c0b-90a4-f197eec9d8cf","lastUpdatedBy":"6dde7706-3ef4-4c0b-90a4-f197eec9d8cf","lastUpdated":"2020-05-26T09:48:45.476+0000","key":"findeGegenparteiBusinessProcess","tenantId":"default"},{"id":"PROCESS_MODEL-6815780d-df11-473d-aefc-7f1b3e62c431","name":"Erstell Gegenpartei Process","version":6,"modelType":0,"description":"","createdBy":"6dde7706-3ef4-4c0b-90a4-f197eec9d8cf","lastUpdatedBy":"6dde7706-3ef4-4c0b-90a4-f197eec9d8cf","lastUpdated":"2020-05-23T15:25:07.694+0000","key":"erstellGegenparteiProcess","tenantId":"default"},{"id":"PROCESS_MODEL-a6837cf6-352c-4d98-a82b-e1e0986c7657","name":"Liste alle Gegenparteien auf","version":15,"modelType":0,"description":"","createdBy":"6dde7706-3ef4-4c0b-90a4-f197eec9d8cf","lastUpdatedBy":"6dde7706-3ef4-4c0b-90a4-f197eec9d8cf","lastUpdated":"2020-05-23T15:46:55.860+0000","key":"listeAlleGegenparteienAuf","tenantId":"default"}],"cmmnModels":[{"id":"CASE_MODEL-a088cde2-a1a1-4fde-94af-113f5f26cfd7","name":"OnBoardingCase","version":81,"modelType":5,"description":"","createdBy":"6dde7706-3ef4-4c0b-90a4-f197eec9d8cf","lastUpdatedBy":"6dde7706-3ef4-4c0b-90a4-f197eec9d8cf","lastUpdated":"2020-05-26T09:35:31.876+0000","key":"onBoardingCase","tenantId":"default"}],"formModels":[{"id":"FORM_MODEL-3f91f240-b614-46aa-9783-065078b350f6","name":"OnBoardStartForm","version":5,"modelType":2,"description":"","createdBy":"6dde7706-3ef4-4c0b-90a4-f197eec9d8cf","lastUpdatedBy":"6dde7706-3ef4-4c0b-90a4-f197eec9d8cf","lastUpdated":"2020-05-22T14:36:35.790+0000","key":"onBoardStartForm","tenantId":"default"}],"dmnModels":[{"id":"DMN_MODEL-082d08d5-ad10-4cd1-bbf3-1eb5db031247","name":"Prüfe Konzenstruktur Decision","version":1,"modelType":4,"createdBy":"6dde7706-3ef4-4c0b-90a4-f197eec9d8cf","lastUpdatedBy":"6dde7706-3ef4-4c0b-90a4-f197eec9d8cf","lastUpdated":"2020-05-26T06:23:38.134+0000","key":"PrüfeKonzenstrukturDecision","tenantId":"default"}],"workModels":[{"id":"DATA_OBJECT_MODEL-236f8dcb-fa8f-435d-9726-51d1dcf47947","name":"GegenparteiObject","version":1,"modelType":11,"createdBy":"Admin","lastUpdatedBy":"Admin","lastUpdated":"2020-05-15T08:42:36.038+0000","key":"gegenparteiObject","tenantId":"default"},{"id":"SERVICE_DEFINITION_MODEL-46fc7a85-c43a-42b2-80f4-87c7123cb20b","name":"GegenparteiService","version":1,"modelType":13,"createdBy":"Admin","lastUpdatedBy":"Admin","lastUpdated":"2020-05-15T08:44:49.380+0000","key":"gegenparteiService","tenantId":"default"},{"id":"ACTION_MODEL-5c93c4c3-8bac-4d02-89b4-66a34d7f79f4","name":"Case Start Action Model","version":1,"modelType":6,"createdBy":"Admin","lastUpdatedBy":"Admin","lastUpdated":"2020-05-18T13:03:37.123+0000","key":"caseStartActionModel","tenantId":"default"}],"linkedModels":[{"id":"FORM_MODEL-df198723-65ef-4540-b5ea-51aa67fc96b2","name":"Test Form","version":9,"modelType":2,"description":"","createdBy":"Admin","lastUpdatedBy":"Admin","lastUpdated":"2020-05-20T14:43:26.942+0000","key":"testForm","tenantId":"default"},{"id":"FORM_MODEL-cabc49c3-49be-428b-bc19-e67e46c4dd3f","name":"HR Identifikation","version":2,"modelType":2,"description":"","createdBy":"Admin","lastUpdatedBy":"Admin","lastUpdated":"2020-05-15T15:26:15.670+0000","key":"hrIdentifikation","tenantId":"default"},{"id":"FORM_MODEL-b78f09f1-846a-48a6-8987-cb69e52af2e5","name":"updateGegenpartei","version":99,"modelType":2,"description":"","createdBy":"Admin","lastUpdatedBy":"Admin","lastUpdated":"2020-05-20T11:32:47.076+0000","key":"updateGegenpartei","tenantId":"default"},{"id":"FORM_MODEL-2b804105-09b1-4f02-b3d6-2eb7c2de0395","name":"Swift Key Form","version":3,"modelType":2,"description":"","createdBy":"Admin","lastUpdatedBy":"Admin","lastUpdated":"2020-05-20T08:18:45.352+0000","key":"swiftKeyForm","tenantId":"default"},{"id":"FORM_MODEL-dc02adad-f590-4024-b4f2-9d85a708c9fb","name":"Bestaetigungs Form","version":2,"modelType":2,"description":"","createdBy":"Admin","lastUpdatedBy":"Admin","lastUpdated":"2020-05-20T12:14:12.828+0000","key":"bestaetigungsForm","tenantId":"default"},{"id":"PROCESS_MODEL-ce20dbf6-1193-499a-bcc0-a56234465b79","name":"Ergaenze oder erstelle Gegenpartei","version":30,"modelType":0,"description":"","createdBy":"Admin","lastUpdatedBy":"Admin","lastUpdated":"2020-05-20T13:35:41.903+0000","key":"ergaenzeOderErstelleGegenpartei","tenantId":"default"}],"pages":[{"id":"PAGE_MODEL-00570b0b-c8d9-4071-ba44-bc0999a17655","name":"OnBoarding Page","version":44,"modelType":9,"description":"","createdBy":"6dde7706-3ef4-4c0b-90a4-f197eec9d8cf","lastUpdatedBy":"6dde7706-3ef4-4c0b-90a4-f197eec9d8cf","lastUpdated":"2020-05-18T15:45:19.347+0000","key":"onBoardingPage","tenantId":"default","label":"OnBoarding Page","url":"onBoardingPage","i18n":{}},{"id":"PAGE_MODEL-83bcf5a9-8db8-4979-aec3-624af2699578","name":"Loans dashboard","version":1,"modelType":9,"description":"","createdBy":"6dde7706-3ef4-4c0b-90a4-f197eec9d8cf","lastUpdatedBy":"6dde7706-3ef4-4c0b-90a4-f197eec9d8cf","lastUpdated":"2020-05-15T08:40:51.767+0000","key":"loansDashboard","accessPermissions":"","label":"Loans dashboard","url":"loansDashboard","i18n":{}}],"theme":"theme-1","icon":"glyphicon-asterisk","name":"OnBoarding","key":"onBoarding","flowApp":true,"i18n":{}}}