{"id":"APP_MODEL-059ed830-d0b1-4d1e-a4dc-c7d78a09d851","name":"OnBoarding","key":"onBoarding","description":"v29 Mit neu erfasster Gegenpartei\nv364 Der Case ist durchgängig\nv349 Decision funktioniert nun ebenfalls\nv313 liste gegenpartei, wähle aus und speichere sie\nab v270 finde Gegenpartei und Liste Gegenpartei\nab v157 Action Definition Button erstellt\nab v117 erstmals funktionsfähig","editorJson":{"models":[{"id":"PROCESS_MODEL-71764171-c16c-4eb1-9133-59e53850013f","name":"Finde Gegenpartei Business Process","version":9,"modelType":0,"description":"","createdBy":"fdcfe04c-7478-48b4-ab89-45da2e9df3a1","lastUpdatedBy":"fdcfe04c-7478-48b4-ab89-45da2e9df3a1","lastUpdated":"2020-05-26T12:24:38.231+0000","key":"findeGegenparteiBusinessProcess","tenantId":"default"},{"id":"PROCESS_MODEL-be7a7cb2-587b-4ac0-b212-63d1cb3c0306","name":"Erstell Gegenpartei Process","version":1,"modelType":0,"description":"","createdBy":"fdcfe04c-7478-48b4-ab89-45da2e9df3a1","lastUpdatedBy":"fdcfe04c-7478-48b4-ab89-45da2e9df3a1","lastUpdated":"2020-05-26T11:34:59.240+0000","key":"erstellGegenparteiProcess","tenantId":"default"},{"id":"PROCESS_MODEL-458b3418-9533-4e0b-8540-c2c504e331f7","name":"Liste alle Gegenparteien auf","version":1,"modelType":0,"description":"","createdBy":"fdcfe04c-7478-48b4-ab89-45da2e9df3a1","lastUpdatedBy":"fdcfe04c-7478-48b4-ab89-45da2e9df3a1","lastUpdated":"2020-05-26T11:34:59.244+0000","key":"listeAlleGegenparteienAuf","tenantId":"default"}],"cmmnModels":[{"id":"CASE_MODEL-8a6479b8-b267-4011-aae2-c9ccc0a090d4","name":"OnBoardingCase","version":8,"modelType":5,"description":"","createdBy":"fdcfe04c-7478-48b4-ab89-45da2e9df3a1","lastUpdatedBy":"fdcfe04c-7478-48b4-ab89-45da2e9df3a1","lastUpdated":"2020-05-26T13:04:06.997+0000","key":"onBoardingCase","tenantId":"default"}],"formModels":[{"id":"FORM_MODEL-ccc72038-4277-4564-928f-34761e893cd2","name":"OnBoardStartForm","version":1,"modelType":2,"description":"","createdBy":"fdcfe04c-7478-48b4-ab89-45da2e9df3a1","lastUpdatedBy":"fdcfe04c-7478-48b4-ab89-45da2e9df3a1","lastUpdated":"2020-05-26T11:34:59.038+0000","key":"onBoardStartForm","tenantId":"default"}],"dmnModels":[{"id":"DMN_MODEL-20472aea-9de8-46f4-96c6-ccded43d324f","name":"Prüfe Konzenstruktur Decision","version":1,"modelType":4,"createdBy":"fdcfe04c-7478-48b4-ab89-45da2e9df3a1","lastUpdatedBy":"fdcfe04c-7478-48b4-ab89-45da2e9df3a1","lastUpdated":"2020-05-26T12:40:58.454+0000","key":"PrüfeKonzenstrukturDecision","tenantId":"default"}],"workModels":[{"id":"DATA_OBJECT_MODEL-b363bec8-da06-4499-8025-21dead3851f0","name":"GegenparteiObject","version":1,"modelType":11,"createdBy":"Admin","lastUpdatedBy":"Admin","lastUpdated":"2020-05-15T08:42:36.038+0000","key":"gegenparteiObject","tenantId":"default"},{"id":"SERVICE_DEFINITION_MODEL-baf76275-ebda-4bc4-9108-90fdd77c1d66","name":"GegenparteiService","version":1,"modelType":13,"createdBy":"Admin","lastUpdatedBy":"Admin","lastUpdated":"2020-05-15T08:44:49.380+0000","key":"gegenparteiService","tenantId":"default"},{"id":"ACTION_MODEL-e87786bb-93bc-4af5-90da-1209780e562d","name":"Case Start Action Model","version":1,"modelType":6,"createdBy":"Admin","lastUpdatedBy":"Admin","lastUpdated":"2020-05-18T13:03:37.123+0000","key":"caseStartActionModel","tenantId":"default"}],"linkedModels":[{"id":"FORM_MODEL-df198723-65ef-4540-b5ea-51aa67fc96b2","name":"Test Form","version":9,"modelType":2,"description":"","createdBy":"Admin","lastUpdatedBy":"Admin","lastUpdated":"2020-05-20T14:43:26.942+0000","key":"testForm","tenantId":"default"},{"id":"FORM_MODEL-cabc49c3-49be-428b-bc19-e67e46c4dd3f","name":"HR Identifikation","version":2,"modelType":2,"description":"","createdBy":"Admin","lastUpdatedBy":"Admin","lastUpdated":"2020-05-15T15:26:15.670+0000","key":"hrIdentifikation","tenantId":"default"},{"id":"FORM_MODEL-b78f09f1-846a-48a6-8987-cb69e52af2e5","name":"updateGegenpartei","version":99,"modelType":2,"description":"","createdBy":"Admin","lastUpdatedBy":"Admin","lastUpdated":"2020-05-20T11:32:47.076+0000","key":"updateGegenpartei","tenantId":"default"},{"id":"FORM_MODEL-2b804105-09b1-4f02-b3d6-2eb7c2de0395","name":"Swift Key Form","version":3,"modelType":2,"description":"","createdBy":"Admin","lastUpdatedBy":"Admin","lastUpdated":"2020-05-20T08:18:45.352+0000","key":"swiftKeyForm","tenantId":"default"},{"id":"FORM_MODEL-dc02adad-f590-4024-b4f2-9d85a708c9fb","name":"Bestaetigungs Form","version":2,"modelType":2,"description":"","createdBy":"Admin","lastUpdatedBy":"Admin","lastUpdated":"2020-05-20T12:14:12.828+0000","key":"bestaetigungsForm","tenantId":"default"},{"id":"PROCESS_MODEL-ce20dbf6-1193-499a-bcc0-a56234465b79","name":"Ergaenze oder erstelle Gegenpartei","version":30,"modelType":0,"description":"","createdBy":"Admin","lastUpdatedBy":"Admin","lastUpdated":"2020-05-20T13:35:41.903+0000","key":"ergaenzeOderErstelleGegenpartei","tenantId":"default"}],"pages":[{"id":"PAGE_MODEL-6e536be2-2a09-452b-96ab-db05b9b2c872","name":"OnBoarding Page","version":1,"modelType":9,"description":"","createdBy":"fdcfe04c-7478-48b4-ab89-45da2e9df3a1","lastUpdatedBy":"fdcfe04c-7478-48b4-ab89-45da2e9df3a1","lastUpdated":"2020-05-26T11:34:59.211+0000","key":"onBoardingPage","tenantId":"default","label":"OnBoarding Page","url":"onBoardingPage","i18n":{}},{"id":"PAGE_MODEL-1e22ba44-e891-4952-a255-00abbf1ff0d6","name":"Loans dashboard","version":1,"modelType":9,"description":"","createdBy":"fdcfe04c-7478-48b4-ab89-45da2e9df3a1","lastUpdatedBy":"fdcfe04c-7478-48b4-ab89-45da2e9df3a1","lastUpdated":"2020-05-26T11:34:59.203+0000","key":"loansDashboard","tenantId":"default","accessPermissions":"","label":"Loans dashboard","url":"loansDashboard","i18n":{}}],"theme":"theme-1","icon":"glyphicon-asterisk","name":"OnBoarding","key":"onBoarding","flowApp":true,"i18n":{}}}