{"id":"SERVICE_DEFINITION_MODEL-46fc7a85-c43a-42b2-80f4-87c7123cb20b","name":"GegenparteiService","key":"gegenparteiService","description":null,"tenantId":"default","editorJson":{"type":"REST","operations":[{"name":"Lookup","key":"findById","inputParameters":[{"name":"lookupId","mappingName":"lookupId","type":"STRING"}],"outputParameters":[{"name":"bezeichnung","mappingName":"bezeichnung","type":"STRING"},{"name":"code","mappingName":"code","type":"STRING"},{"name":"referenzId","mappingName":"referenzId","type":"STRING"},{"name":"strasse","mappingName":"strasse","type":"STRING"},{"name":"plz","mappingName":"plz","type":"INT"},{"name":"land","mappingName":"land","type":"STRING"},{"name":"prospect","mappingName":"prospect","type":"BOOLEAN"},{"name":"ort","mappingName":"ort","type":"STRING"},{"name":"swiftKey","mappingName":"swiftKey","type":"STRING"},{"name":"konzernStruktur","mappingName":"konzernStruktur","type":"STRING"}],"config":{"url":"/${lookupId}","method":"GET"}},{"name":"Create","key":"create","inputParameters":[{"name":"bezeichnung","mappingName":"bezeichnung","type":"STRING","bodyLocation":"bezeichnung"},{"name":"code","mappingName":"code","type":"STRING","bodyLocation":"code"},{"name":"referenzId","mappingName":"referenzId","type":"STRING","bodyLocation":"referenzId"},{"name":"strasse","mappingName":"strasse","type":"STRING","bodyLocation":"strasse"},{"name":"plz","mappingName":"plz","type":"INT","bodyLocation":"plz"},{"name":"land","mappingName":"land","type":"STRING","bodyLocation":"land"},{"name":"prospect","mappingName":"prospect","type":"BOOLEAN","bodyLocation":"prospect"},{"name":"ort","mappingName":"ort","type":"STRING","bodyLocation":"ort"},{"name":"swiftKey","mappingName":"swiftKey","type":"STRING","bodyLocation":"swiftKey"},{"name":"konzernStruktur","mappingName":"konzernStruktur","type":"STRING","bodyLocation":"konzernStruktur"}],"outputParameters":[{"name":"bezeichnung","mappingName":"bezeichnung","type":"STRING"},{"name":"code","mappingName":"code","type":"STRING"},{"name":"referenzId","mappingName":"referenzId","type":"STRING"},{"name":"strasse","mappingName":"strasse","type":"STRING"},{"name":"plz","mappingName":"plz","type":"INT"},{"name":"land","mappingName":"land","type":"STRING"},{"name":"prospect","mappingName":"prospect","type":"BOOLEAN"},{"name":"ort","mappingName":"ort","type":"STRING"},{"name":"swiftKey","mappingName":"swiftKey","type":"STRING"},{"name":"konzernStruktur","mappingName":"konzernStruktur","type":"STRING"}],"config":{"method":"POST","headers":[{"name":"Content-Type","value":"application/json; charset=utf-8"},{"name":"Accept","value":"application/json"},{"name":"Cache-Control","value":"no-cache"}],"url":"/"}},{"name":"Update","key":"update","inputParameters":[{"name":"bezeichnung","mappingName":"bezeichnung","type":"STRING"},{"name":"code","mappingName":"code","type":"STRING"},{"name":"referenzId","mappingName":"referenzId","type":"STRING"},{"name":"strasse","mappingName":"strasse","type":"STRING"},{"name":"plz","mappingName":"plz","type":"INT"},{"name":"land","mappingName":"land","type":"STRING"},{"name":"prospect","mappingName":"prospect","type":"BOOLEAN"},{"name":"ort","mappingName":"ort","type":"STRING"},{"name":"swiftKey","mappingName":"swiftKey","type":"STRING"},{"name":"konzernStruktur","mappingName":"konzernStruktur","type":"STRING"}],"outputParameters":[{"name":"bezeichnung","mappingName":"bezeichnung","type":"STRING"},{"name":"code","mappingName":"code","type":"STRING"},{"name":"referenzId","mappingName":"referenzId","type":"STRING"},{"name":"strasse","mappingName":"strasse","type":"STRING"},{"name":"plz","mappingName":"plz","type":"INT"},{"name":"land","mappingName":"land","type":"STRING"},{"name":"prospect","mappingName":"prospect","type":"BOOLEAN"},{"name":"ort","mappingName":"ort","type":"STRING"},{"name":"swiftKey","mappingName":"swiftKey","type":"STRING"},{"name":"konzernStruktur","mappingName":"konzernStruktur","type":"STRING"}],"config":{"url":"/${lookupId}","method":"PUT"}},{"name":"Delete","key":"delete","inputParameters":[{"name":"lookupId","mappingName":"lookupId","type":"STRING"}],"outputParameters":[],"config":{"url":"/${lookupId}"}},{"name":"Get All","key":"getAll","inputParameters":[],"outputParameters":[{"type":"array","displayName":"Gegenpartei Liste","name":"gegenparteiList","nullable":false}],"config":{"method":"GET"}}],"referenceKey":"gegenparteiObject","config":{"baseUrl":"http://localhost:8090/api/gegenpartei"},"lookupId":"referenzId"}}