{"id":"ACTION_MODEL-e87786bb-93bc-4af5-90da-1209780e562d","name":"Case Start Action Model","key":"caseStartActionModel","description":null,"tenantId":"default","editorJson":{"ignoreConfirmationMessage":false,"channels":[],"mappedTypes":["channel"],"mappedSubTypes":["quick-actions"],"mappedStates":[],"mappedSubStates":[],"permissionUserIdentityLinkTypes":[],"permissionGroups":[],"botKey":"cmmn-start-case-instance-bot","form":{"id":"FORM_MODEL-ccc72038-4277-4564-928f-34761e893cd2","key":"onBoardStartForm"},"signalName":"onBoardingCase","formSameDeployment":false,"scopeType":"cmmn","global":false,"help":"Starts a manual activated plan item instance","icon":"play/regular"}}