{"id":"ACTION_MODEL-5c93c4c3-8bac-4d02-89b4-66a34d7f79f4","name":"Case Start Action Model","key":"caseStartActionModel","description":null,"tenantId":"default","editorJson":{"ignoreConfirmationMessage":false,"channels":[],"mappedTypes":["channel"],"mappedSubTypes":["quick-actions"],"mappedStates":[],"mappedSubStates":[],"permissionUserIdentityLinkTypes":[],"permissionGroups":[],"botKey":"cmmn-start-case-instance-bot","form":{"id":"FORM_MODEL-3f91f240-b614-46aa-9783-065078b350f6","key":"onBoardStartForm"},"signalName":"onBoardingCase","formSameDeployment":false,"scopeType":"cmmn","global":false,"help":"Starts a manual activated plan item instance","icon":"play/regular"}}