{"id":"DATA_OBJECT_MODEL-236f8dcb-fa8f-435d-9726-51d1dcf47947","name":"GegenparteiObject","key":"gegenparteiObject","description":null,"tenantId":"default","editorJson":{"fieldMappings":[{"label":"Bezeichnung","name":"bezeichnung","type":"STRING","description":""},{"label":"Code","name":"code","type":"STRING","description":""},{"label":"ReferenzId","name":"referenzId","type":"STRING","description":""},{"label":"Strasse","name":"strasse","type":"STRING","description":""},{"label":"Plz","name":"plz","type":"INT","description":""},{"label":"Land","name":"land","type":"STRING","description":""},{"label":"Prospect","name":"prospect","type":"BOOLEAN","description":""},{"label":"Ort","name":"ort","type":"STRING","description":""},{"label":"Swift Key","name":"swiftKey","type":"STRING","description":""},{"label":"Konzernstruktur","name":"konzernStruktur","type":"STRING","description":""}],"dataObjectType":"serviceRegistryDataObject","sourceId":"flowableServiceRegistryDataSource"}}