{"id":"DMN_MODEL-082d08d5-ad10-4cd1-bbf3-1eb5db031247","name":"Prüfe Konzenstruktur Decision","key":"PrüfeKonzenstrukturDecision","description":null,"tenantId":"default","editorJson":{"id":"DMN_MODEL-082d08d5-ad10-4cd1-bbf3-1eb5db031247","modelVersion":"3","name":"Prüfe Konzenstruktur Decision","key":"PrüfeKonzenstrukturDecision","forceDMN11":false,"hitIndicator":"FIRST","inputExpressions":[{"id":"1","variableId":"parent.gegenpartei.swiftKey","variableType":null,"type":"string","label":"Gegenpartei Konzern Prüfung","entries":["RAIFCH22XXX","RAIFCH22333","BSCHESMMXXX","EXCHESMMXXX","BSCHESMM123"],"newVariable":false,"complexExpression":false}],"outputExpressions":[{"id":"2","variableId":"parent.gegenpartei.konzernStruktur","variableType":null,"type":"string","label":"Konzenstruktur","entries":["Mutter","Niederlassung","Filiale"],"newVariable":false,"complexExpression":false}],"rules":[{"2":"Mutter","1_operator":"==","1_expression":"RAIFCH22XXX"},{"2":"Mutter","1_operator":"==","1_expression":"BSCHESMMXXX"},{"2":"Mutter","1_operator":"==","1_expression":"EXCHESMMXXX"},{"2":"Niederlassung","1_operator":"==","1_expression":"BSCHESMM123"},{"2":"Niederlassung","1_operator":"==","1_expression":"RAIFCH22333"},{"2":"Filiale","1_operator":null,"1_expression":"-"}]}}